product_id,sku,sku_missing,product_type,species_scope,matched_category_ids,stock_status,package_term,feeding_table_ids,active_verified_table_ids,active_verified_table_count,feeding_mapping_count,runtime_integrity_status
12452,01A1B01030,0,simple,dog,72,instock,3 kg,160,160,1,1,OK
12453,01A1B02031,0,simple,dog,72,instock,3 kg,159,159,1,1,OK
12454,01A1B09032,0,simple,dog,72,outofstock,"2,5 kg",,,0,0,NO_ACTIVE_VERIFIED
12455,01A1C04030,0,simple,dog,72,instock,12 kg,162,162,1,1,OK
12456,01A1E04030,0,simple,dog,72,instock,12 kg,161,161,1,1,OK
12457,01A1E05030,0,simple,dog,72,instock,12 kg,163,163,1,1,OK
12458,01A1E08030,0,simple,dog,72,instock,"2,5 kg",164,164,1,1,OK
12459,01A1H0105,0,simple,dog,72,instock,"16,5 kg",105,105,1,1,OK
12460,01A1H02030,0,simple,dog,72,outofstock,18 kg,,,0,0,NO_ACTIVE_VERIFIED
12461,01A1H02040,0,simple,dog,72,instock,18 kg,158,,0,1,NO_ACTIVE_VERIFIED
12462,01A1H02050,0,simple,dog,72,instock,18 kg,102,102,1,1,OK
12463,01A1H02080,0,simple,dog,72,outofstock,18 kg,124,124,1,1,OK
12464,01A1H02090,0,simple,dog,72,instock,18 kg,156,156,1,1,OK
12466,01A4A04050,0,simple,dog,72,instock,12 kg,2,2,1,1,OK
12467,01A4A05031,0,simple,dog,72,outofstock,5 kg,,,0,0,NO_ACTIVE_VERIFIED
12468,01A4A05050,0,simple,dog,72,instock,12 kg,157,157,1,1,OK
12469,01A6A01110,0,simple,cat,81,instock,10 kg,,,0,0,NO_ACTIVE_VERIFIED
12470,01A6B0112,0,simple,cat,81,instock,10 kg,,,0,0,NO_ACTIVE_VERIFIED
12471,01A6B0212,0,simple,cat,81,instock,10 kg,,,0,0,NO_ACTIVE_VERIFIED
12472,01A6B03110,0,simple,cat,81,instock,10 kg,,,0,0,NO_ACTIVE_VERIFIED
12473,01A6B05091,0,simple,cat,81,instock,10 kg,,,0,0,NO_ACTIVE_VERIFIED
12482,01OKA0010,0,simple,cat,81,instock,10 kg,,,0,0,NO_ACTIVE_VERIFIED
12483,01OSU0003H,0,simple,dog,72,instock,15 kg,,,0,0,NO_ACTIVE_VERIFIED
12484,01OSU0004H,0,simple,dog,72,instock,15 kg,,,0,0,NO_ACTIVE_VERIFIED
12485,01OSU00070,0,simple,dog,72,instock,15 kg,,,0,0,NO_ACTIVE_VERIFIED
12486,01OSU00080,0,simple,dog,72,instock,15 kg,,,0,0,NO_ACTIVE_VERIFIED
12522,01M002002,0,simple,dog,72,instock,3 kg,154,154,1,1,OK
12525,01M010104,0,simple,dog,72,instock,3 kg,152,152,1,1,OK
12527,01M011102,0,simple,dog,72,instock,3 kg,153,153,1,1,OK
12528,01M011103,0,simple,dog,72,instock,"7,5 kg",153,153,1,1,OK
12531,01M020130,0,simple,dog,72,instock,12 kg,155,155,1,1,OK
12532,01M0211020,0,simple,dog,72,instock,12 kg,,,0,0,NO_ACTIVE_VERIFIED
12533,01M0301020,0,simple,dog,72,instock,12 kg,,,0,0,NO_ACTIVE_VERIFIED
12534,01M0311020,0,simple,dog,72,instock,12 kg,151,151,1,1,OK
12536,01M0400022,0,simple,dog,72,instock,"2,5 kg",150,150,1,1,OK
12538,01M0400102,0,simple,dog,72,instock,"2,5 kg",64,64,1,1,OK
12540,01M0400202,0,simple,dog,72,instock,"2,5 kg",75,75,1,1,OK
12541,01M0400203,0,simple,dog,72,instock,"7,5 kg",75,75,1,1,OK
12543,01M0400302,0,simple,dog,72,instock,"2,5 kg",75,75,1,1,OK
12544,01M0400303,0,simple,dog,72,instock,"7,5 kg",75,75,1,1,OK
12546,01M0401102,0,simple,dog,72,instock,"2,5 kg",76,76,1,1,OK
12547,01M0401103,0,simple,dog,72,instock,12 kg,76,76,1,1,OK
12549,01M0401202,0,simple,dog,72,instock,"2,5 kg",76,76,1,1,OK
12550,01M0401203,0,simple,dog,72,instock,12 kg,,,0,0,NO_ACTIVE_VERIFIED
12551,01M041101,0,simple,dog,72,instock,"2,5 kg",,,0,0,NO_ACTIVE_VERIFIED
12552,01M0411020,0,simple,dog,72,instock,12 kg,74,74,1,1,OK
12553,01M041201,0,simple,dog,72,instock,"2,5 kg",73,73,1,1,OK
12554,01M0412020,0,simple,dog,72,instock,12 kg,73,73,1,1,OK
12555,01M041301,0,simple,dog,72,outofstock,"2,5 kg",,,0,0,NO_ACTIVE_VERIFIED
12556,01M0413020,0,simple,dog,72,instock,12 kg,147,147,1,1,OK
12557,01M041401,0,simple,dog,72,instock,"2,5 kg",127,127,1,1,OK
12558,01M041402,0,simple,dog,72,instock,12 kg,127,127,1,1,OK
12559,01M041501,0,simple,dog,72,instock,"2,5 kg",148,148,1,1,OK
12560,01M041502,0,simple,dog,72,instock,12 kg,,,0,0,NO_ACTIVE_VERIFIED
12561,01M041601,0,simple,dog,72,instock,"2,5 kg",149,149,1,1,OK
12562,01M041602,0,simple,dog,72,instock,12 kg,,,0,0,NO_ACTIVE_VERIFIED
12563,01M041701,0,simple,dog,72,instock,"2,5 kg",71,71,1,1,OK
12564,01M041702,0,simple,dog,72,instock,12 kg,71,71,1,1,OK
12565,01M041801,0,simple,dog,72,instock,"2,5 kg",72,72,1,1,OK
12566,01M041802,0,simple,dog,72,instock,12 kg,,,0,0,NO_ACTIVE_VERIFIED
12567,01M042001,0,simple,dog,72,instock,"2,5 kg",146,146,1,1,OK
12568,01M042002,0,simple,dog,72,instock,12 kg,,,0,0,NO_ACTIVE_VERIFIED
12569,01M050101,0,simple,dog,72,outofstock,"2,5 kg",,,0,0,NO_ACTIVE_VERIFIED
12570,01M051201,0,simple,dog,72,instock,"2,5 kg",145,145,1,1,OK
12571,01M060101,0,simple,dog,72,instock,"2,5 kg",133,,0,1,NO_ACTIVE_VERIFIED
12572,01M061001,0,simple,dog,72,instock,"2,5 kg",66,66,1,1,OK
12573,01M061201,0,simple,dog,72,instock,"2,5 kg",69,69,1,1,OK
12574,01M061301,0,simple,dog,72,instock,"2,5 kg",139,139,1,1,OK
12576,01M110102,0,simple,cat,81,instock,15 kg,128,,0,1,NO_ACTIVE_VERIFIED
12580,01M131102,0,simple,cat,81,instock,15 kg,144,144,1,1,OK
12581,01M171102,0,simple,cat,81,instock,15 kg,70,70,1,1,OK
12582,01M181102,0,simple,cat,81,instock,15 kg,67,67,1,1,OK
12583,01M182102,0,simple,cat,81,instock,15 kg,68,68,1,1,OK
12584,01M191111,0,simple,cat,81,instock,15 kg,142,142,1,1,OK
12586,01M201202,0,simple,cat,81,instock,15 kg,143,143,1,1,OK
12636,01M412102,0,simple,dog,72,instock,3 kg,206,206,1,1,OK
12659,01MB131101,0,simple,cat,81,instock,10 kg,,,0,0,NO_ACTIVE_VERIFIED
12660,01MB141101,0,simple,cat,81,instock,10 kg,142,142,1,1,OK
12661,01MB151101,0,simple,cat,81,instock,10 kg,141,141,1,1,OK
12662,01MB181101,0,simple,cat,81,instock,10 kg,,,0,0,NO_ACTIVE_VERIFIED
12663,01MB191101,0,simple,cat,81,instock,10 kg,140,140,1,1,OK
12664,01MB201101,0,simple,cat,81,outofstock,10 kg,,,0,0,NO_ACTIVE_VERIFIED
12666,01MB400101,0,simple,dog,72,instock,20 kg,,,0,0,NO_ACTIVE_VERIFIED
12667,01MB411101,0,simple,dog,72,instock,20 kg,205,205,1,1,OK
12668,01MB412101,0,simple,dog,72,instock,20 kg,206,206,1,1,OK
12669,01MB421101,0,simple,dog,72,instock,20 kg,204,204,1,1,OK
12670,01MB421201,0,simple,dog,72,instock,20 kg,203,203,1,1,OK
12671,01MB421301,0,simple,dog,72,instock,20 kg,202,202,1,1,OK
12672,01MB431101,0,simple,dog,72,instock,20 kg,201,201,1,1,OK
12673,01MB510101,0,simple,cat,81,instock,20 kg,209,209,1,1,OK
12674,01MB511101,0,simple,cat,81,instock,20 kg,207,207,1,1,OK
12675,01MB511201,0,simple,cat,81,instock,20 kg,,,0,0,NO_ACTIVE_VERIFIED
12676,01MB511301,0,simple,cat,81,instock,20 kg,,,0,0,NO_ACTIVE_VERIFIED
12679,01MVC002,0,simple,cat,81,instock,15 kg,,,0,0,NO_ACTIVE_VERIFIED
12681,01MVC102,0,simple,cat,81,instock,"1,5 kg",,,0,0,NO_ACTIVE_VERIFIED
12683,01MVC302,0,simple,cat,81,instock,"1,5 kg",,,0,0,NO_ACTIVE_VERIFIED
12685,01MVC402,0,simple,cat,81,instock,15 kg,,,0,0,NO_ACTIVE_VERIFIED
12687,01MVC602,0,simple,cat,81,instock,15 kg,,,0,0,NO_ACTIVE_VERIFIED
12689,01MVC702,0,simple,cat,81,instock,15 kg,,,0,0,NO_ACTIVE_VERIFIED
12691,01MVC802,0,simple,cat,81,instock,"1,5 kg",,,0,0,NO_ACTIVE_VERIFIED
12693,01MVC902,0,simple,cat,81,instock,"1,5 kg",,,0,0,NO_ACTIVE_VERIFIED
12694,01MVD001,0,simple,dog,72,instock,2 kg,,,0,0,NO_ACTIVE_VERIFIED
12695,01MVD002,0,simple,dog,72,instock,12 kg,,,0,0,NO_ACTIVE_VERIFIED
12696,01MVD101,0,simple,dog,72,instock,2 kg,,,0,0,NO_ACTIVE_VERIFIED
12697,01MVD102,0,simple,dog,72,instock,12 kg,,,0,0,NO_ACTIVE_VERIFIED
12698,01MVD202,0,simple,dog,72,instock,5 kg,,,0,0,NO_ACTIVE_VERIFIED
12699,01MVD301,0,simple,dog,72,instock,2 kg,,,0,0,NO_ACTIVE_VERIFIED
12700,01MVD302,0,simple,dog,72,instock,12 kg,,,0,0,NO_ACTIVE_VERIFIED
12701,01MVD401,0,simple,dog,72,instock,2 kg,,,0,0,NO_ACTIVE_VERIFIED
12702,01MVD402,0,simple,dog,72,instock,12 kg,,,0,0,NO_ACTIVE_VERIFIED
12703,01MVD501,0,simple,dog,72,instock,2 kg,,,0,0,NO_ACTIVE_VERIFIED
12706,01MVD602,0,simple,dog,72,instock,12 kg,,,0,0,NO_ACTIVE_VERIFIED
12707,01MVD701,0,simple,dog,72,instock,2 kg,,,0,0,NO_ACTIVE_VERIFIED
12708,01MVD702,0,simple,dog,72,instock,12 kg,,,0,0,NO_ACTIVE_VERIFIED
12718,01O69509710,0,simple,dog,72,instock,10 kg,,,0,0,NO_ACTIVE_VERIFIED
12719,01O702703,0,simple,dog,72,instock,15 kg,,,0,0,NO_ACTIVE_VERIFIED
12720,01O702700,0,simple,dog,72,instock,20 kg,,,0,0,NO_ACTIVE_VERIFIED
12721,01O702705,0,simple,dog,72,instock,"7,5 kg",,,0,0,NO_ACTIVE_VERIFIED
12828,01O702701,0,simple,dog,72,instock,15 kg,,,0,0,NO_ACTIVE_VERIFIED
12829,01MB231101,0,simple,cat,81,instock,10 kg,,,0,0,NO_ACTIVE_VERIFIED
12830,01M061302,0,simple,dog,72,instock,12 kg,139,139,1,1,OK
12837,01M201502,0,simple,cat,81,instock,15 kg,138,,0,1,NO_ACTIVE_VERIFIED
12842,01M061203,0,simple,dog,72,instock,12 kg,69,69,1,1,OK
12859,01M061002,0,simple,dog,72,instock,12 kg,66,66,1,1,OK
12915,01A1H0215,0,simple,dog,72,instock,18 kg,105,105,1,1,OK
12916,01M041901,0,simple,dog,72,instock,"2,5 kg",65,65,1,1,OK
12928,01A1C01032,0,simple,dog,72,instock,12 kg,136,136,1,1,OK
12930,01A1C03032,0,simple,dog,72,instock,12 kg,137,137,1,1,OK
12932,01OKA0111,0,simple,cat,81,instock,10 kg,,,0,0,NO_ACTIVE_VERIFIED
12933,01OKA0256,0,simple,cat,81,instock,10 kg,,,0,0,NO_ACTIVE_VERIFIED
12985,01MVD2011,0,simple,dog,72,instock,"1,5 kg",,,0,0,NO_ACTIVE_VERIFIED
12992,01OSU0067N,0,simple,dog,72,instock,10 kg,,,0,0,NO_ACTIVE_VERIFIED
12993,01M183102,0,simple,cat,81,instock,"1,5 kg",135,135,1,1,OK
13009,01OSU0070N,0,simple,dog,72,instock,10 kg,,,0,0,NO_ACTIVE_VERIFIED
13019,01A1E09032,0,simple,dog,72,instock,2 kg,134,134,1,1,OK
13037,01M060102,0,simple,dog,72,instock,12 kg,133,,0,1,NO_ACTIVE_VERIFIED
13041,01MB421401,0,simple,dog,72,instock,20 kg,,,0,0,NO_ACTIVE_VERIFIED
13049,01M0415000,0,simple,dog,72,instock,"2,5 kg",132,132,1,1,OK
13050,01M0415001,0,simple,dog,72,instock,12 kg,,,0,0,NO_ACTIVE_VERIFIED
13051,01M04003000,0,simple,dog,72,instock,"2,5 kg",130,130,1,1,OK
13052,01M04003001,0,simple,dog,72,instock,"7,5 kg",130,130,1,1,OK
13053,01M0414000,0,simple,dog,72,instock,"2,5 kg",129,129,1,1,OK
13054,01M0414001,0,simple,dog,72,instock,12 kg,129,129,1,1,OK
13055,01M041910,0,simple,dog,72,instock,"2,5 kg",131,131,1,1,OK
13056,01M041911,0,simple,dog,72,instock,12 kg,131,131,1,1,OK
13869,01M0400103,0,simple,dog,72,instock,"7,5 kg",64,64,1,1,OK
13871,01M201602,0,simple,cat,81,instock,15 kg,,,0,0,NO_ACTIVE_VERIFIED
13990,01M110110,0,simple,cat,81,instock,10 kg,128,,0,1,NO_ACTIVE_VERIFIED
13991,01M181110,0,simple,cat,81,instock,10 kg,67,67,1,1,OK
13992,01M182110,0,simple,cat,81,instock,10 kg,63,63,1,1,OK
14042,01M511303,0,simple,cat,81,instock,7 kg,208,208,1,1,OK
14072,01M121110,0,simple,cat,81,outofstock,10 kg,,,0,0,NO_ACTIVE_VERIFIED
14171,01OKA9997,0,simple,cat,81,instock,10 kg,,,0,0,NO_ACTIVE_VERIFIED
14173,01OSU4456,0,simple,dog,72,instock,10 kg,,,0,0,NO_ACTIVE_VERIFIED
14183,01M510103,0,simple,cat,81,instock,7 kg,209,209,1,1,OK
14185,01M511503,0,simple,cat,81,instock,7 kg,,,0,0,NO_ACTIVE_VERIFIED
14186,01M511703,0,simple,cat,81,instock,7 kg,,,0,0,NO_ACTIVE_VERIFIED
14240,01M041902,0,simple,dog,72,outofstock,12 kg,,,0,0,NO_ACTIVE_VERIFIED
14274,01KOM057,0,simple,cat,81,instock,10 kg,,,0,0,NO_ACTIVE_VERIFIED
14276,01ORDZB01,0,simple,dog,72,instock,20 kg,,,0,0,NO_ACTIVE_VERIFIED
14277,01ORDZB02,0,simple,dog,72,instock,20 kg,,,0,0,NO_ACTIVE_VERIFIED
14278,01ORDZB03,0,simple,dog,72,instock,20 kg,,,0,0,NO_ACTIVE_VERIFIED
14279,01ORDZB04,0,simple,dog,72,instock,20 kg,,,0,0,NO_ACTIVE_VERIFIED
14280,01ORDZB05,0,simple,dog,72,instock,20 kg,,,0,0,NO_ACTIVE_VERIFIED
14281,01ORDZB06,0,simple,dog,72,instock,20 kg,,,0,0,NO_ACTIVE_VERIFIED
14288,01MSED0551,0,simple,dog,72,instock,3 kg,127,127,1,1,OK
14367,01M051502,0,simple,dog,72,outofstock,12 kg,,,0,0,NO_ACTIVE_VERIFIED
14467,01ORDZB07,0,simple,dog,72,instock,12 kg,,,0,0,NO_ACTIVE_VERIFIED
14468,01ORDZB08,0,simple,dog,72,instock,12 kg,,,0,0,NO_ACTIVE_VERIFIED
14469,01ORDZB09,0,simple,dog,72,instock,12 kg,,,0,0,NO_ACTIVE_VERIFIED
14470,01ORDZB10,0,simple,dog,72,instock,12 kg,,,0,0,NO_ACTIVE_VERIFIED
14471,01ORDZB11,0,simple,dog,72,instock,12 kg,,,0,0,NO_ACTIVE_VERIFIED
14472,01ORDZB12,0,simple,dog,72,instock,12 kg,,,0,0,NO_ACTIVE_VERIFIED
14473,01ORDZB13,0,simple,dog,72,instock,12 kg,,,0,0,NO_ACTIVE_VERIFIED
14475,01A1B02061,0,simple,dog,72,instock,15 kg,126,126,1,1,OK
14476,01A1B03061,0,simple,dog,72,instock,15 kg,106,106,1,1,OK
14477,01A1B06132,0,simple,dog,72,instock,12 kg,125,125,1,1,OK
14478,01A1H02140,0,simple,dog,72,instock,18 kg,124,124,1,1,OK
14496,F011AG0141,0,simple,dog,72,outofstock,"2,5 kg",123,123,1,1,OK
14497,F011BR1251,0,simple,dog,72,instock,,62,62,1,1,OK
14498,F011BR1261,0,simple,dog,72,instock,2 kg,10,10,1,1,OK
14500,F011BR1271,0,simple,dog,72,instock,2 kg,122,122,1,1,OK
14501,F011BR1281,0,simple,dog,72,instock,2 kg,52,52,1,1,OK
14502,F011BR1282,0,simple,dog,72,instock,7 kg,52,52,1,1,OK
14503,F011OC0303,0,simple,dog,72,instock,7 kg,8,,0,1,NO_ACTIVE_VERIFIED
14504,F011OC0322,0,simple,dog,72,instock,12 kg,61,,0,1,NO_ACTIVE_VERIFIED
14505,F011OC0371,0,simple,dog,72,instock,800 g,9,9,1,1,OK
14506,F011OC0372,0,simple,dog,72,instock,"2,5 kg",9,9,1,1,OK
14507,F011OC0373,0,simple,dog,72,instock,7 kg,9,9,1,1,OK
14508,F011OC0381,0,simple,dog,72,instock,"2,5 kg",57,57,1,1,OK
14509,F011OC0382,0,simple,dog,72,instock,12 kg,57,57,1,1,OK
14510,F011OC0391,0,simple,dog,72,instock,800 g,60,60,1,1,OK
14511,F011OC0392,0,simple,dog,72,instock,"2,5 kg",60,60,1,1,OK
14512,F011OC0393,0,simple,dog,72,instock,7 kg,60,60,1,1,OK
14513,F011OC0401,0,simple,dog,72,instock,"2,5 kg",59,59,1,1,OK
14514,F011OC0402,0,simple,dog,72,instock,12 kg,59,59,1,1,OK
14515,F011PR0522,0,simple,dog,72,instock,12 kg,121,121,1,1,OK
14516,F011PR0541,0,simple,dog,72,instock,800 g,60,60,1,1,OK
14517,F011PR0542,0,simple,dog,72,instock,"2,5 kg",60,60,1,1,OK
14519,F011PR0561,0,simple,dog,72,instock,800 g,60,60,1,1,OK
14520,F011PR0562,0,simple,dog,72,instock,"2,5 kg",60,60,1,1,OK
14521,F011PR0563,0,simple,dog,72,instock,7 kg,60,60,1,1,OK
14522,F011PR0571,0,simple,dog,72,instock,"2,5 kg",59,59,1,1,OK
14523,F011PR0572,0,simple,dog,72,instock,12 kg,59,59,1,1,OK
14524,F011PU0601,0,simple,dog,72,instock,800 g,120,120,1,1,OK
14525,F011PU0602,0,simple,dog,72,instock,"2,5 kg",120,120,1,1,OK
14526,F011PU0611,0,simple,dog,72,instock,800 g,8,,0,1,NO_ACTIVE_VERIFIED
14528,F011PU0651,0,simple,dog,72,outofstock,800 g,,,0,0,NO_ACTIVE_VERIFIED
14530,F011PU0653,0,simple,dog,72,instock,7 kg,8,,0,1,NO_ACTIVE_VERIFIED
14532,F011PU0662,0,simple,dog,72,instock,"2,5 kg",9,9,1,1,OK
14534,F011PU0672,0,simple,dog,72,instock,12 kg,61,,0,1,NO_ACTIVE_VERIFIED
14535,F011PU0682,0,simple,dog,72,instock,12 kg,57,57,1,1,OK
14537,F011PU0702,0,simple,dog,72,instock,"2,5 kg",9,9,1,1,OK
14539,F011PU0711,0,simple,dog,72,instock,"2,5 kg",57,57,1,1,OK
14540,F011PU0712,0,simple,dog,72,outofstock,12 kg,,,0,0,NO_ACTIVE_VERIFIED
14541,F011PU0721,0,simple,dog,72,instock,2 kg,58,58,1,1,OK
14542,F011PU0722,0,simple,dog,72,instock,12 kg,57,57,1,1,OK
14543,F011PU0731,0,simple,dog,72,outofstock,2 kg,58,58,1,1,OK
14544,F011PU0732,0,simple,dog,72,instock,12 kg,57,57,1,1,OK
14545,F011PU0741,0,simple,dog,72,instock,2 kg,58,58,1,1,OK
14546,F011QU0811,0,simple,dog,72,instock,"2,5 kg",119,119,1,1,OK
14547,F011QU0812,0,simple,dog,72,instock,7 kg,119,119,1,1,OK
14548,F011QU0821,0,simple,dog,72,instock,800 g,56,56,1,1,OK
14549,F011QU0822,0,simple,dog,72,instock,"2,5 kg",56,56,1,1,OK
14550,F011QU0823,0,simple,dog,72,instock,7 kg,56,56,1,1,OK
14551,F011QU0831,0,simple,dog,72,instock,"2,5 kg",55,55,1,1,OK
14552,F011QU0832,0,simple,dog,72,instock,12 kg,55,55,1,1,OK
14553,F011QU0852,0,simple,dog,72,instock,7 kg,119,119,1,1,OK
14554,F011QU0891,0,simple,dog,72,instock,"2,5 kg",119,119,1,1,OK
14556,F011QU0911,0,simple,dog,72,instock,"2,5 kg",118,118,1,1,OK
14558,F011QU0921,0,simple,dog,72,instock,800 g,117,117,1,1,OK
14559,F011QU0922,0,simple,dog,72,instock,"2,5 kg",117,117,1,1,OK
14560,F011QU0931,0,simple,dog,72,instock,"2,5 kg",116,116,1,1,OK
14561,F011QU0932,0,simple,dog,72,instock,7 kg,116,116,1,1,OK
14564,F011TR1131,0,simple,dog,72,instock,,54,54,1,1,OK
14565,F011TR1132,0,simple,dog,72,instock,5 kg,54,54,1,1,OK
14566,F011TR1151,0,simple,dog,72,instock,2 kg,53,53,1,1,OK
14567,F011TR1152,0,simple,dog,72,instock,10 kg,53,53,1,1,OK
14568,F011TR1161,0,simple,dog,72,instock,,54,54,1,1,OK
14569,F011TR1162,0,simple,dog,72,instock,5 kg,54,54,1,1,OK
14570,F011TR1171,0,simple,dog,72,instock,2 kg,53,53,1,1,OK
14571,F011TR1172,0,simple,dog,72,instock,10 kg,53,53,1,1,OK
14572,F011TR1181,0,simple,dog,72,instock,,54,54,1,1,OK
14573,F011TR1182,0,simple,dog,72,instock,5 kg,54,54,1,1,OK
14574,F011TR1191,0,simple,dog,72,instock,2 kg,53,53,1,1,OK
14575,F011TR1192,0,simple,dog,72,instock,10 kg,53,53,1,1,OK
14577,F011WH1211,0,simple,dog,72,instock,2 kg,10,10,1,1,OK
14578,F011WH1212,0,simple,dog,72,instock,5 kg,10,10,1,1,OK
14579,F011WH1221,0,simple,dog,72,instock,2 kg,115,115,1,1,OK
14580,F011WH1231,0,simple,dog,72,instock,2 kg,52,52,1,1,OK
14581,F011WH1232,0,simple,dog,72,instock,7 kg,52,52,1,1,OK
14584,F012OC0202,0,simple,cat,81,instock,,7,,0,1,NO_ACTIVE_VERIFIED
14587,F012OC0232,0,simple,cat,81,instock,,5,5,1,1,OK
14588,F012OC0233,0,simple,cat,81,outofstock,5 kg,,,0,0,NO_ACTIVE_VERIFIED
14590,F012OC0242,0,simple,cat,81,outofstock,,114,114,1,1,OK
14591,F012OC0243,0,simple,cat,81,instock,5 kg,114,114,1,1,OK
14593,F012PR0302,0,simple,cat,81,instock,,113,,0,1,NO_ACTIVE_VERIFIED
14595,,1,simple,cat,81,outofstock,,,,0,0,NO_ACTIVE_VERIFIED
14600,F012PR0344,0,simple,cat,81,outofstock,10 kg,,,0,0,NO_ACTIVE_VERIFIED
14604,F012PU0422,0,simple,cat,81,instock,,51,51,1,1,OK
14605,F012PU0423,0,simple,cat,81,instock,5 kg,51,51,1,1,OK
14608,F012PU0433,0,simple,cat,81,instock,5 kg,112,112,1,1,OK
14611,F012PU0443,0,simple,cat,81,instock,5 kg,5,5,1,1,OK
14614,F012QU0513,0,simple,cat,81,instock,5 kg,4,4,1,1,OK
14616,F012QU0542,0,simple,cat,81,instock,,111,111,1,1,OK
14617,F012QU0543,0,simple,cat,81,instock,5 kg,111,111,1,1,OK
14619,F012QU0552,0,simple,cat,81,instock,,50,50,1,1,OK
14620,F012QU0553,0,simple,cat,81,instock,5 kg,50,50,1,1,OK
14622,F012TR0712,0,simple,cat,81,instock,,3,3,1,1,OK
14623,F012TR0713,0,simple,cat,81,instock,,3,3,1,1,OK
14624,F012TR0714,0,simple,cat,81,instock,10 kg,3,3,1,1,OK
14628,F012TR0734,0,simple,cat,81,instock,10 kg,3,3,1,1,OK
14630,F031VL0112,0,simple,dog,72,instock,12 kg,,,0,0,NO_ACTIVE_VERIFIED
14631,F031VL0121,0,simple,dog,72,instock,2 kg,,,0,0,NO_ACTIVE_VERIFIED
14632,F031VL0122,0,simple,dog,72,instock,12 kg,,,0,0,NO_ACTIVE_VERIFIED
14633,F031VL0131,0,simple,dog,72,instock,2 kg,,,0,0,NO_ACTIVE_VERIFIED
14634,F031VL0132,0,simple,dog,72,instock,12 kg,,,0,0,NO_ACTIVE_VERIFIED
14635,F031VL0141,0,simple,dog,72,instock,,,,0,0,NO_ACTIVE_VERIFIED
14636,F031VL0142,0,simple,dog,72,instock,10 kg,,,0,0,NO_ACTIVE_VERIFIED
14637,F031VL0151,0,simple,dog,72,instock,2 kg,,,0,0,NO_ACTIVE_VERIFIED
14638,F031VL0152,0,simple,dog,72,instock,12 kg,,,0,0,NO_ACTIVE_VERIFIED
14639,F031VL0171,0,simple,dog,72,instock,2 kg,,,0,0,NO_ACTIVE_VERIFIED
14640,F031VL0172,0,simple,dog,72,instock,12 kg,,,0,0,NO_ACTIVE_VERIFIED
14641,F031VL0181,0,simple,dog,72,instock,2 kg,,,0,0,NO_ACTIVE_VERIFIED
14642,F031VL0182,0,simple,dog,72,instock,12 kg,,,0,0,NO_ACTIVE_VERIFIED
14643,F031VL0191,0,simple,dog,72,instock,2 kg,,,0,0,NO_ACTIVE_VERIFIED
14644,F031VL0192,0,simple,dog,72,instock,12 kg,,,0,0,NO_ACTIVE_VERIFIED
14645,F031VL0201,0,simple,dog,72,instock,2 kg,,,0,0,NO_ACTIVE_VERIFIED
14647,F031VL0212,0,simple,dog,72,instock,12 kg,,,0,0,NO_ACTIVE_VERIFIED
14648,F031VL0231,0,simple,dog,72,instock,2 kg,,,0,0,NO_ACTIVE_VERIFIED
14649,F031VL0232,0,simple,dog,72,instock,12 kg,,,0,0,NO_ACTIVE_VERIFIED
14650,F031VL0241,0,simple,dog,72,instock,2 kg,,,0,0,NO_ACTIVE_VERIFIED
14651,F031VL0242,0,simple,dog,72,instock,12 kg,,,0,0,NO_ACTIVE_VERIFIED
14652,F031VL0251,0,simple,dog,72,instock,2 kg,,,0,0,NO_ACTIVE_VERIFIED
14657,F032VL0112,0,simple,cat,81,instock,2 kg,,,0,0,NO_ACTIVE_VERIFIED
14660,F032VL0122,0,simple,cat,81,instock,2 kg,,,0,0,NO_ACTIVE_VERIFIED
14661,F032VL0123,0,simple,cat,81,instock,5 kg,,,0,0,NO_ACTIVE_VERIFIED
14662,F032VL0124,0,simple,cat,81,instock,10 kg,,,0,0,NO_ACTIVE_VERIFIED
14664,F032VL0142,0,simple,cat,81,instock,2 kg,,,0,0,NO_ACTIVE_VERIFIED
14665,F032VL0143,0,simple,cat,81,outofstock,10 kg,,,0,0,NO_ACTIVE_VERIFIED
14669,F032VL0162,0,simple,cat,81,instock,2 kg,,,0,0,NO_ACTIVE_VERIFIED
14670,F032VL0163,0,simple,cat,81,instock,5 kg,,,0,0,NO_ACTIVE_VERIFIED
14671,F032VL0164,0,simple,cat,81,instock,10 kg,,,0,0,NO_ACTIVE_VERIFIED
14674,F032VL0182,0,simple,cat,81,instock,2 kg,,,0,0,NO_ACTIVE_VERIFIED
14675,F032VL0184,0,simple,cat,81,instock,10 kg,,,0,0,NO_ACTIVE_VERIFIED
14677,F032VL0192,0,simple,cat,81,instock,2 kg,,,0,0,NO_ACTIVE_VERIFIED
14678,F032VL0193,0,simple,cat,81,instock,10 kg,,,0,0,NO_ACTIVE_VERIFIED
14700,F041MAD0103,0,simple,cat,81,instock,10 kg,110,110,1,1,OK
14703,F041MAD0113,0,simple,cat,81,instock,10 kg,49,49,1,1,OK
14706,F041MAD0123,0,simple,cat,81,instock,10 kg,49,49,1,1,OK
14708,F041MAD0132,0,simple,cat,81,instock,10 kg,48,48,1,1,OK
14711,F041MAD0143,0,simple,cat,81,instock,10 kg,49,49,1,1,OK
14714,F041MAD0153,0,simple,cat,81,instock,10 kg,48,48,1,1,OK
14715,F011PU0742,0,simple,dog,72,outofstock,12 kg,,,0,0,NO_ACTIVE_VERIFIED
14717,01A1B010610,0,simple,dog,72,instock,15 kg,109,109,1,1,OK
14768,01A1A040521,0,simple,dog,72,outofstock,12 kg,,,0,0,NO_ACTIVE_VERIFIED
14769,01A1B060311,0,simple,dog,72,instock,12 kg,108,108,1,1,OK
14770,01A1B090521,0,simple,dog,72,instock,12 kg,107,107,1,1,OK
14771,01A1B100321,0,simple,dog,72,instock,12 kg,106,106,1,1,OK
14772,01A1H021011,0,simple,dog,72,instock,18 kg,105,105,1,1,OK
14791,01A1A04150,0,simple,dog,72,instock,12 kg,104,,0,1,NO_ACTIVE_VERIFIED
14792,01A1F03140,0,simple,dog,72,instock,12 kg,103,103,1,1,OK
14793,01A1A030700,0,simple,dog,72,instock,15 kg,102,102,1,1,OK
14794,01A1B05030,0,simple,dog,72,instock,15 kg,47,47,1,1,OK
14804,01MVD901,0,simple,dog,72,instock,2 kg,,,0,0,NO_ACTIVE_VERIFIED
14805,01MVD902,0,simple,dog,72,instock,12 kg,,,0,0,NO_ACTIVE_VERIFIED
14817,01A1F03040,0,simple,dog,72,instock,12 kg,101,101,1,1,OK
14818,01A1B05130,0,simple,dog,72,instock,15 kg,100,100,1,1,OK
16198,640214268-1,0,simple,cat,81,instock,1 kg,218,218,1,1,OK
16207,640416769,0,simple,cat,81,outofstock,"6,5 kg",,,0,0,NO_ACTIVE_VERIFIED
16210,640416-1,0,simple,cat,81,instock,1 kg,222,222,1,1,OK
16217,m11938,0,simple,cat,81,instock,"1,5 kg",,,0,0,NO_ACTIVE_VERIFIED
16225,m05524,0,simple,cat,81,instock,"1,5 kg",,,0,0,NO_ACTIVE_VERIFIED
16228,m11952,0,simple,cat,81,instock,"1,5 kg",,,0,0,NO_ACTIVE_VERIFIED
16234,640212842-1,0,simple,cat,81,instock,1 kg,193,193,1,1,OK
16239,640220103,0,simple,cat,81,instock,"6,5 kg",220,220,1,1,OK
16245,640220-1,0,simple,cat,81,instock,1 kg,220,220,1,1,OK
16248,m05234,0,simple,cat,81,instock,"1,5 kg",,,0,0,NO_ACTIVE_VERIFIED
16254,640213774120,0,simple,cat,81,outofstock,"6,5 kg",,,0,0,NO_ACTIVE_VERIFIED
16259,640213774,0,simple,cat,81,instock,1 kg,221,221,1,1,OK
16265,40626,0,simple,cat,81,instock,"6,5 kg",219,219,1,1,OK
16270,640000,0,simple,cat,81,instock,1 kg,219,219,1,1,OK
16320,RC102040,0,simple,cat,81,instock,10 kg,99,99,1,1,OK
16323,RC102030,0,simple,cat,81,outofstock,10 kg,,,0,0,NO_ACTIVE_VERIFIED
16402,42085,0,simple,dog,72,instock,15 kg,,,0,0,NO_ACTIVE_VERIFIED
16411,2817,0,simple,dog,72,instock,15 kg,,,0,0,NO_ACTIVE_VERIFIED
16422,42077,0,simple,dog,72,instock,15 kg,,,0,0,NO_ACTIVE_VERIFIED
16425,42079,0,simple,dog,72,instock,15 kg,,,0,0,NO_ACTIVE_VERIFIED
16431,2813,0,simple,dog,72,instock,15 kg,,,0,0,NO_ACTIVE_VERIFIED
16454,188690,0,simple,dog,72,outofstock,"7,5 kg",,,0,0,NO_ACTIVE_VERIFIED
16457,188690966,0,simple,dog,72,outofstock,15 kg,,,0,0,NO_ACTIVE_VERIFIED
16460,217380,0,simple,cat,81,outofstock,2 kg,,,0,0,NO_ACTIVE_VERIFIED
16463,217410,0,simple,cat,81,outofstock,10 kg,,,0,0,NO_ACTIVE_VERIFIED
16466,122340122,0,simple,cat,81,outofstock,4 kg,,,0,0,NO_ACTIVE_VERIFIED
16469,122340,0,simple,cat,81,instock,2 kg,211,211,1,1,OK
16472,122370,0,simple,cat,81,outofstock,10 kg,,,0,0,NO_ACTIVE_VERIFIED
16475,122370183,0,simple,cat,81,instock,1 kg,211,211,1,1,OK
16478,127380228,0,simple,cat,81,instock,2 kg,210,210,1,1,OK
16481,127380,0,simple,cat,81,instock,10 kg,210,210,1,1,OK
16484,216210,0,simple,cat,81,instock,8 kg,217,217,1,1,OK
16492,141150,0,simple,dog,72,instock,15 kg,214,214,1,1,OK
16498,131300,0,simple,dog,72,outofstock,12 kg,,,0,0,NO_ACTIVE_VERIFIED
16501,306600,0,simple,cat,81,outofstock,2 kg,,,0,0,NO_ACTIVE_VERIFIED
16507,165020,0,simple,cat,81,outofstock,"3,5 kg",,,0,0,NO_ACTIVE_VERIFIED
16510,123950,0,simple,cat,81,instock,2 kg,216,216,1,1,OK
16513,124010,0,simple,cat,81,outofstock,10 kg,,,0,0,NO_ACTIVE_VERIFIED
16516,121550,0,simple,cat,81,instock,2 kg,215,215,1,1,OK
16519,216110,0,simple,cat,81,instock,10 kg,215,215,1,1,OK
16522,122110,0,simple,cat,81,instock,2 kg,212,212,1,1,OK
16525,217570,0,simple,cat,81,instock,10 kg,212,212,1,1,OK
16528,131350,0,simple,dog,72,instock,15 kg,213,213,1,1,OK
16534,149820,0,simple,cat,81,outofstock,10 kg,,,0,0,NO_ACTIVE_VERIFIED
16537,2.008119,0,simple,dog,72,instock,"1,5 kg",,,0,0,NO_ACTIVE_VERIFIED
16540,2.008117,0,simple,dog,72,instock,"1,5 kg",174,174,1,1,OK
16543,2.008122,0,simple,dog,72,instock,"1,5 kg",,,0,0,NO_ACTIVE_VERIFIED
16546,2.008118,0,simple,dog,72,instock,"1,5 kg",170,170,1,1,OK
16549,2.008124,0,simple,dog,72,instock,"1,5 kg",,,0,0,NO_ACTIVE_VERIFIED
16552,2.008121,0,simple,dog,72,instock,"1,5 kg",,,0,0,NO_ACTIVE_VERIFIED
16555,2.008047,0,simple,dog,72,instock,7 kg,,,0,0,NO_ACTIVE_VERIFIED
16558,2.008043,0,simple,dog,72,instock,7 kg,174,174,1,1,OK
16561,2.008051,0,simple,dog,72,instock,7 kg,,,0,0,NO_ACTIVE_VERIFIED
16564,2.008045,0,simple,dog,72,instock,7 kg,170,170,1,1,OK
16567,2.008056,0,simple,dog,72,instock,7 kg,,,0,0,NO_ACTIVE_VERIFIED
16570,2.008049,0,simple,dog,72,outofstock,7 kg,,,0,0,NO_ACTIVE_VERIFIED
16573,2.011762,0,simple,cat,81,instock,7 kg,,,0,0,NO_ACTIVE_VERIFIED
16576,2.011763,0,simple,cat,81,instock,7 kg,,,0,0,NO_ACTIVE_VERIFIED
16579,2.011765,0,simple,cat,81,instock,7 kg,,,0,0,NO_ACTIVE_VERIFIED
16582,2.011764,0,simple,cat,81,instock,7 kg,,,0,0,NO_ACTIVE_VERIFIED
16585,2.011767,0,simple,cat,81,instock,7 kg,,,0,0,NO_ACTIVE_VERIFIED
16588,2.011766,0,simple,cat,81,instock,7 kg,,,0,0,NO_ACTIVE_VERIFIED
16591,2.009363,0,simple,dog,72,instock,3 kg,,,0,0,NO_ACTIVE_VERIFIED
16594,2.009364,0,simple,dog,72,instock,12 kg,,,0,0,NO_ACTIVE_VERIFIED
16597,2.009147,0,simple,dog,72,instock,3 kg,180,180,1,1,OK
16600,2.009149,0,simple,dog,72,instock,3 kg,175,175,1,1,OK
16603,2.009143,0,simple,dog,72,instock,3 kg,,,0,0,NO_ACTIVE_VERIFIED
16606,2.009139,0,simple,dog,72,instock,3 kg,,,0,0,NO_ACTIVE_VERIFIED
16609,2.009141,0,simple,dog,72,instock,3 kg,,,0,0,NO_ACTIVE_VERIFIED
16612,2.009137,0,simple,dog,72,instock,3 kg,181,181,1,1,OK
16615,2.009145,0,simple,dog,72,instock,3 kg,,,0,0,NO_ACTIVE_VERIFIED
16618,2.008261,0,simple,cat,81,instock,7 kg,,,0,0,NO_ACTIVE_VERIFIED
16621,2.006822,0,simple,cat,81,instock,"1,5 kg",,,0,0,NO_ACTIVE_VERIFIED
16624,2.006816,0,simple,dog,72,instock,3 kg,,,0,0,NO_ACTIVE_VERIFIED
16627,2.006666,0,simple,dog,72,instock,12 kg,,,0,0,NO_ACTIVE_VERIFIED
16630,2.010448,0,simple,dog,72,instock,7 kg,178,178,1,1,OK
16633,2.010447,0,simple,dog,72,instock,"1,5 kg",178,178,1,1,OK
16636,2.006774,0,simple,dog,72,instock,7 kg,176,176,1,1,OK
16639,2.006818,0,simple,dog,72,instock,"1,5 kg",176,176,1,1,OK
16642,2.010446,0,simple,dog,72,instock,7 kg,177,177,1,1,OK
16645,2.010445,0,simple,dog,72,instock,"1,5 kg",177,177,1,1,OK
16648,2.006815,0,simple,dog,72,instock,3 kg,,,0,0,NO_ACTIVE_VERIFIED
16651,2.006667,0,simple,dog,72,instock,12 kg,,,0,0,NO_ACTIVE_VERIFIED
16654,2.010023,0,simple,dog,72,instock,12 kg,179,179,1,1,OK
16657,2.008452,0,simple,cat,81,instock,"1,5 kg",,,0,0,NO_ACTIVE_VERIFIED
16660,2.006903,0,simple,dog,72,instock,7 kg,,,0,0,NO_ACTIVE_VERIFIED
16663,2.006817,0,simple,dog,72,instock,"1,5 kg",,,0,0,NO_ACTIVE_VERIFIED
16666,2.008878,0,simple,dog,72,instock,3 kg,173,173,1,1,OK
16669,2.008879,0,simple,dog,72,instock,12 kg,173,173,1,1,OK
16672,2.006814,0,simple,dog,72,instock,3 kg,172,172,1,1,OK
16675,2.006665,0,simple,dog,72,instock,12 kg,172,172,1,1,OK
16678,2.008256,0,simple,cat,81,instock,7 kg,,,0,0,NO_ACTIVE_VERIFIED
16681,2.00682,0,simple,cat,81,instock,"1,5 kg",,,0,0,NO_ACTIVE_VERIFIED
16684,2.006764,0,simple,dog,72,instock,3 kg,171,171,1,1,OK
16687,2.006664,0,simple,dog,72,instock,12 kg,171,171,1,1,OK
16690,2.009148,0,simple,dog,72,instock,12 kg,180,180,1,1,OK
16693,2.00915,0,simple,dog,72,instock,12 kg,175,175,1,1,OK
16696,2.009144,0,simple,dog,72,instock,12 kg,,,0,0,NO_ACTIVE_VERIFIED
16699,2.00914,0,simple,dog,72,instock,12 kg,,,0,0,NO_ACTIVE_VERIFIED
16702,2.009142,0,simple,dog,72,instock,12 kg,,,0,0,NO_ACTIVE_VERIFIED
16705,2.009138,0,simple,dog,72,instock,12 kg,181,181,1,1,OK
16708,2.009146,0,simple,dog,72,instock,12 kg,,,0,0,NO_ACTIVE_VERIFIED
16712,2.01176,0,simple,cat,81,instock,"1,5 kg",,,0,0,NO_ACTIVE_VERIFIED
16715,2.011759,0,simple,cat,81,instock,"1,5 kg",,,0,0,NO_ACTIVE_VERIFIED
16718,2.011758,0,simple,cat,81,instock,"1,5 kg",,,0,0,NO_ACTIVE_VERIFIED
16721,2.011755,0,simple,cat,81,instock,"1,5 kg",,,0,0,NO_ACTIVE_VERIFIED
16724,2.011754,0,simple,cat,81,instock,"1,5 kg",,,0,0,NO_ACTIVE_VERIFIED
16727,2.011761,0,simple,cat,81,instock,"1,5 kg",,,0,0,NO_ACTIVE_VERIFIED
16745,15045,0,simple,dog,72,instock,15 kg,,,0,0,NO_ACTIVE_VERIFIED
16751,03020,0,simple,dog,72,instock,20 kg,,,0,0,NO_ACTIVE_VERIFIED
16763,01020,0,simple,dog,72,instock,20 kg,,,0,0,NO_ACTIVE_VERIFIED
16772,04020,0,simple,dog,72,instock,20 kg,,,0,0,NO_ACTIVE_VERIFIED
16776,04046,0,simple,dog,72,instock,3 kg,,,0,0,NO_ACTIVE_VERIFIED
16779,19246,0,simple,dog,72,instock,3 kg,,,0,0,NO_ACTIVE_VERIFIED
16782,19215,0,simple,dog,72,instock,15 kg,,,0,0,NO_ACTIVE_VERIFIED
16785,19145,0,simple,dog,72,instock,"7,5 kg",,,0,0,NO_ACTIVE_VERIFIED
16788,19146,0,simple,dog,72,instock,3 kg,,,0,0,NO_ACTIVE_VERIFIED
16791,19346,0,simple,dog,72,instock,3 kg,,,0,0,NO_ACTIVE_VERIFIED
16794,19315,0,simple,dog,72,instock,15 kg,,,0,0,NO_ACTIVE_VERIFIED
16810,06072,0,simple,dog,72,instock,12 kg,,,0,0,NO_ACTIVE_VERIFIED
16824,17072,0,simple,dog,72,instock,12 kg,,,0,0,NO_ACTIVE_VERIFIED
16854,09015,0,simple,dog,72,instock,12 kg,,,0,0,NO_ACTIVE_VERIFIED
16857,18446,0,simple,dog,72,instock,3 kg,,,0,0,NO_ACTIVE_VERIFIED
16862,18415,0,simple,dog,72,instock,12 kg,,,0,0,NO_ACTIVE_VERIFIED
16865,18346,0,simple,dog,72,instock,3 kg,,,0,0,NO_ACTIVE_VERIFIED
16868,18315,0,simple,dog,72,instock,12 kg,,,0,0,NO_ACTIVE_VERIFIED
16871,18146,0,simple,dog,72,instock,3 kg,,,0,0,NO_ACTIVE_VERIFIED
16876,18246,0,simple,dog,72,instock,3 kg,,,0,0,NO_ACTIVE_VERIFIED
16881,18215,0,simple,dog,72,instock,12 kg,,,0,0,NO_ACTIVE_VERIFIED
16886,73009,0,simple,cat,81,instock,5 kg,,,0,0,NO_ACTIVE_VERIFIED
17213,651153,0,simple,dog,72,instock,"2,25 kg",195,195,1,1,OK
17216,74746,0,simple,dog,72,instock,"0,75 kg",195,195,1,1,OK
17262,2808,0,simple,dog,72,instock,"6,5 kg",194,194,1,1,OK
17265,651049,0,simple,dog,72,instock,"2,25 kg",194,194,1,1,OK
17268,74755,0,simple,dog,72,instock,"0,75 kg",194,194,1,1,OK
17280,651087,0,simple,dog,72,instock,12 kg,191,191,1,1,OK
17283,2809,0,simple,dog,72,outofstock,12 kg,,,0,0,NO_ACTIVE_VERIFIED
17286,74767,0,simple,dog,72,instock,12 kg,190,190,1,1,OK
17293,650501,0,simple,dog,72,instock,12 kg,189,189,1,1,OK
17296,75925,0,simple,dog,72,instock,12 kg,188,188,1,1,OK
17299,651135,0,simple,dog,72,instock,12 kg,187,187,1,1,OK
17947,JOS0617,0,simple,dog,72,instock,15 kg,98,98,1,1,OK
17950,JOS0622,0,simple,dog,72,instock,15 kg,184,184,1,1,OK
17953,JOS0849,0,simple,dog,72,instock,15 kg,186,186,1,1,OK
17956,JOS0003,0,simple,dog,72,instock,15 kg,,,0,0,NO_ACTIVE_VERIFIED
17959,JOS0799,0,simple,dog,72,instock,15 kg,183,183,1,1,OK
17962,JOS0836,0,simple,dog,72,instock,15 kg,182,182,1,1,OK
17965,JOS0813,0,simple,cat,81,instock,10 kg,185,185,1,1,OK
17969,JOS0723,0,simple,cat,81,instock,10 kg,185,185,1,1,OK
17972,JOS0812,0,simple,cat,81,instock,10 kg,185,185,1,1,OK
17978,JOS0914,0,simple,dog,72,instock,"12,5 kg",97,97,1,1,OK
17983,JOS0796,0,simple,cat,81,instock,2 kg,27,27,1,1,OK
17986,JOS0790,0,simple,cat,81,instock,10 kg,27,27,1,1,OK
17992,JOS0847,0,simple,cat,81,instock,10 kg,27,27,1,1,OK
17995,JOS0982,0,simple,dog,72,instock,"12,5 kg",96,96,1,1,OK
18000,JOS0910,0,simple,dog,72,instock,"12,5 kg",95,95,1,1,OK
18011,JOS0205,0,simple,cat,81,instock,10 kg,42,42,1,1,OK
18014,JOS0731,0,simple,dog,72,instock,"12,5 kg",1,1,1,1,OK
18018,JOS0931,0,simple,dog,72,instock,10 kg,94,94,1,1,OK
18022,JOS0924,0,simple,dog,72,instock,10 kg,93,,0,1,NO_ACTIVE_VERIFIED
18026,JOS0974,0,simple,dog,72,instock,3 kg,92,92,1,1,OK
18029,JOS0973,0,simple,dog,72,instock,10 kg,92,92,1,1,OK
18032,JOS0912,0,simple,dog,72,instock,10 kg,92,92,1,1,OK
18036,JOS0069443,0,simple,dog,72,instock,1 kg,92,92,1,1,OK
18040,JOS0797,0,simple,cat,81,instock,2 kg,40,40,1,1,OK
18043,JOS0167,0,simple,cat,81,instock,10 kg,40,40,1,1,OK
18046,JOS0915,0,simple,dog,72,instock,"12,5 kg",91,91,1,1,OK
18051,JOS0794,0,simple,cat,81,instock,2 kg,41,41,1,1,OK
18054,JOS0805,0,simple,cat,81,instock,10 kg,41,41,1,1,OK
18058,64038948,0,simple,cat,81,instock,1 kg,41,41,1,1,OK
18062,JOS0817,0,simple,cat,81,instock,2 kg,24,24,1,1,OK
18065,JOS0417,0,simple,cat,81,instock,10 kg,24,24,1,1,OK
18074,JOS0811,0,simple,cat,81,instock,2 kg,24,24,1,1,OK
18077,JOS0810,0,simple,cat,81,instock,10 kg,24,24,1,1,OK
18080,JOS1005,0,simple,cat,81,instock,2 kg,90,90,1,1,OK
18084,JOS1004,0,simple,cat,81,instock,10 kg,90,90,1,1,OK
18088,JOS0917,0,simple,dog,72,instock,"12,5 kg",89,89,1,1,OK
18092,JOS0815,0,simple,cat,81,instock,2 kg,43,43,1,1,OK
18095,JOS0814,0,simple,cat,81,instock,10 kg,43,43,1,1,OK
18098,JOS0795,0,simple,cat,81,instock,2 kg,88,88,1,1,OK
18101,JOS0789,0,simple,cat,81,instock,10 kg,88,88,1,1,OK
18106,JOS0792,0,simple,cat,81,instock,2 kg,27,27,1,1,OK
18109,JOS0791,0,simple,cat,81,instock,10 kg,27,27,1,1,OK
18112,JOS0943,0,simple,dog,72,instock,"12,5 kg",87,87,1,1,OK
18149,JOS0978,0,simple,dog,72,instock,"12,5 kg",26,26,1,1,OK
18154,JOS0913,0,simple,dog,72,instock,"12,5 kg",23,23,1,1,OK
18159,JOS0944,0,simple,dog,72,instock,"12,5 kg",1,1,1,1,OK
18379,JOS0666,0,simple,dog,72,instock,10 kg,,,0,0,NO_ACTIVE_VERIFIED
18382,JOS0663,0,simple,dog,72,instock,10 kg,,,0,0,NO_ACTIVE_VERIFIED
18385,JOS0996,0,simple,dog,72,instock,10 kg,,,0,0,NO_ACTIVE_VERIFIED
18524,NGCST12,0,simple,cat,81,instock,12 kg,200,200,1,1,OK
18527,NGCST01,0,simple,cat,81,instock,"1,5 kg",200,200,1,1,OK
18530,NGCSB01,0,simple,cat,81,instock,"1,5 kg",200,200,1,1,OK
18533,NGCGC01,0,simple,cat,81,instock,"1,5 kg",86,,0,1,NO_ACTIVE_VERIFIED
18536,NGCKC01,0,simple,cat,81,instock,"1,5 kg",85,85,1,1,OK
18539,NGCAC01,0,simple,cat,81,instock,"1,5 kg",84,84,1,1,OK
18542,NGCAB01,0,simple,cat,81,instock,"1,5 kg",84,84,1,1,OK
18545,INPM11,0,simple,dog,72,instock,12 kg,241,,0,1,NO_ACTIVE_VERIFIED
18548,INPA11,0,simple,dog,72,instock,12 kg,,,0,0,NO_ACTIVE_VERIFIED
18551,INPS06,0,simple,dog,72,instock,7 kg,242,,0,1,NO_ACTIVE_VERIFIED
18554,HYIM11,0,simple,dog,72,instock,12 kg,166,166,1,1,OK
18557,HYRM11,0,simple,dog,72,instock,12 kg,166,166,1,1,OK
18560,HYPM11,0,simple,dog,72,outofstock,12 kg,166,166,1,1,OK
18563,HYVM11,0,simple,dog,72,outofstock,12 kg,166,166,1,1,OK
18566,HYHM11,0,simple,dog,72,instock,12 kg,166,166,1,1,OK
18569,HYDM11,0,simple,dog,72,outofstock,12 kg,166,166,1,1,OK
18572,HYPA11,0,simple,dog,72,instock,12 kg,,,0,0,NO_ACTIVE_VERIFIED
18575,HYFS02,0,simple,dog,72,instock,2 kg,165,165,1,1,OK
18578,HYRS02,0,simple,dog,72,instock,2 kg,165,165,1,1,OK
18581,HYHS02,0,simple,dog,72,instock,2 kg,165,165,1,1,OK
18584,HYPS08,0,simple,dog,72,instock,800 g,165,165,1,1,OK
18587,HYPS06,0,simple,dog,72,instock,7 kg,165,165,1,1,OK
18590,HYPS02,0,simple,dog,72,instock,2 kg,165,165,1,1,OK
18617,CHYP01,0,simple,cat,81,instock,"1,5 kg",83,83,1,1,OK
18620,HHFM11,0,simple,dog,72,instock,12 kg,243,,0,1,NO_ACTIVE_VERIFIED
18623,HEPM11,0,simple,dog,72,outofstock,12 kg,,,0,0,NO_ACTIVE_VERIFIED
19715,AMTD02,0,simple,dog,72,instock,2 kg,82,82,1,1,OK
19720,AMTD12,0,simple,dog,72,instock,12 kg,82,82,1,1,OK
19725,AMTR02,0,simple,dog,72,instock,2 kg,81,81,1,1,OK
19730,AMTR12,0,simple,dog,72,instock,12 kg,81,81,1,1,OK
19735,AMTS02,0,simple,dog,72,instock,2 kg,80,80,1,1,OK
19740,AMTS12,0,simple,dog,72,instock,12 kg,80,80,1,1,OK
19747,AMLS02,0,simple,dog,72,instock,2 kg,78,78,1,1,OK
19751,AMLS12,0,simple,dog,72,instock,12 kg,78,78,1,1,OK
19756,AMLE02,0,simple,dog,72,instock,2 kg,79,79,1,1,OK
19760,AMLE12,0,simple,dog,72,instock,12 kg,79,79,1,1,OK
19765,AMBS02,0,simple,dog,72,instock,2 kg,78,78,1,1,OK
19770,AMBS12,0,simple,dog,72,instock,12 kg,78,78,1,1,OK
19775,AMPCF02,0,simple,dog,72,instock,2 kg,77,77,1,1,OK
19780,AMPCS02,0,simple,dog,72,instock,2 kg,223,223,1,1,OK
19785,AMPCS12,0,simple,dog,72,instock,12 kg,223,223,1,1,OK
19896,HYPS06-2,0,simple,dog,72,instock,7 kg,165,165,1,1,OK
19899,HYPS02-2,0,simple,dog,72,instock,2 kg,165,165,1,1,OK
19920,JOS0946,0,simple,dog,72,instock,3 kg,46,46,1,1,OK
19921,JOS0947,0,simple,dog,72,instock,900 g,46,46,1,1,OK
20391,JOS0280,0,simple,cat,81,instock,10 kg,,,0,0,NO_ACTIVE_VERIFIED
20393,JOS0339,0,simple,dog,72,instock,900 g,,,0,0,NO_ACTIVE_VERIFIED
20397,JOS0399,0,simple,dog,72,instock,900 g,,,0,0,NO_ACTIVE_VERIFIED
20399,JOS0401,0,simple,cat,81,instock,650 g,,,0,0,NO_ACTIVE_VERIFIED
20401,JOS0402,0,simple,cat,81,instock,650 g,,,0,0,NO_ACTIVE_VERIFIED
20403,JOS0412,0,simple,dog,72,instock,900 g,,,0,0,NO_ACTIVE_VERIFIED
20440,JOS0505,0,simple,dog,72,outofstock,900 g,,,0,0,NO_ACTIVE_VERIFIED
20445,JOS0506,0,simple,dog,72,outofstock,900 g,,,0,0,NO_ACTIVE_VERIFIED
20450,JOS0507,0,simple,dog,72,outofstock,900 g,,,0,0,NO_ACTIVE_VERIFIED
20537,NGPBM12,0,simple,dog,72,instock,12 kg,,,0,0,NO_ACTIVE_VERIFIED
20539,NGPBS02,0,simple,dog,72,instock,2 kg,,,0,0,NO_ACTIVE_VERIFIED
20541,NGPBS07,0,simple,dog,72,instock,7 kg,,,0,0,NO_ACTIVE_VERIFIED
20543,NGPTM03,0,simple,dog,72,instock,3 kg,,,0,0,NO_ACTIVE_VERIFIED
20545,NGPTS05,0,simple,dog,72,instock,500 g,,,0,0,NO_ACTIVE_VERIFIED
20941,HHFS02,0,simple,dog,72,instock,2 kg,199,199,1,1,OK
20943,HYDS02,0,simple,dog,72,instock,2 kg,165,165,1,1,OK
20947,HYHM02,0,simple,dog,72,instock,2 kg,166,166,1,1,OK
20957,HYPA02,0,simple,dog,72,instock,2 kg,,,0,0,NO_ACTIVE_VERIFIED
20961,HYPM02,0,simple,dog,72,instock,2 kg,166,166,1,1,OK
20977,HYVS02,0,simple,dog,72,instock,2 kg,165,165,1,1,OK
21014,JOS0240,0,simple,dog,72,outofstock,900 g,,,0,0,NO_ACTIVE_VERIFIED
21024,JOS0256,0,simple,dog,72,outofstock,900 g,,,0,0,NO_ACTIVE_VERIFIED
21041,JOS0869,0,simple,dog,72,instock,900 g,45,45,1,1,OK
21043,JOS0870,0,simple,dog,72,instock,15 kg,45,45,1,1,OK
21045,JOS0874,0,simple,dog,72,outofstock,10 kg,,,0,0,NO_ACTIVE_VERIFIED
21115,NGABL12,0,simple,dog,72,outofstock,12 kg,169,169,1,1,OK
21117,NGABM03,0,simple,dog,72,instock,3 kg,168,168,1,1,OK
21119,NGABM12,0,simple,dog,72,outofstock,12 kg,168,168,1,1,OK
21123,NGABS05,0,simple,dog,72,instock,500 g,167,167,1,1,OK
21129,NGALL12,0,simple,dog,72,instock,12 kg,169,169,1,1,OK
21131,NGALM03,0,simple,dog,72,instock,3 kg,168,168,1,1,OK
21133,NGALM12,0,simple,dog,72,instock,12 kg,168,168,1,1,OK
21135,NGALS02,0,simple,dog,72,instock,2 kg,167,167,1,1,OK
21137,NGALS05,0,simple,dog,72,instock,500 g,167,167,1,1,OK
21143,NGATL12,0,simple,dog,72,instock,12 kg,169,169,1,1,OK
21145,NGATM03,0,simple,dog,72,instock,3 kg,168,168,1,1,OK
21147,NGATM12,0,simple,dog,72,instock,12 kg,168,168,1,1,OK
21149,NGATS02,0,simple,dog,72,instock,2 kg,167,167,1,1,OK
21151,NGATS05,0,simple,dog,72,instock,500 g,167,167,1,1,OK
21153,NGATS07,0,simple,dog,72,instock,7 kg,167,167,1,1,OK
21173,JOS0693,0,simple,cat,81,instock,650 g,,,0,0,NO_ACTIVE_VERIFIED
21316,f0895d584535,0,simple,dog,72,instock,15 kg,,,0,0,NO_ACTIVE_VERIFIED
21321,JOS0620,0,simple,dog,72,instock,15 kg,44,44,1,1,OK
21337,JOS0647,0,simple,dog,72,instock,10 kg,,,0,0,NO_ACTIVE_VERIFIED
21339,JOS0653,0,simple,dog,72,instock,900 g,,,0,0,NO_ACTIVE_VERIFIED
21345,JOS0672,0,simple,cat,81,instock,300 g,,,0,0,NO_ACTIVE_VERIFIED
21360,JOS0684,0,simple,dog,72,instock,"2,7 kg",,,0,0,NO_ACTIVE_VERIFIED
21362,JOS0685,0,simple,dog,72,instock,"2,7 kg",,,0,0,NO_ACTIVE_VERIFIED
21364,JOS0686,0,simple,dog,72,instock,"2,7 kg",,,0,0,NO_ACTIVE_VERIFIED
21368,JOS0688,0,simple,dog,72,instock,"2,7 kg",,,0,0,NO_ACTIVE_VERIFIED
21370,JOS0689,0,simple,cat,81,instock,"1,9 kg",,,0,0,NO_ACTIVE_VERIFIED
21372,JOS0690,0,simple,cat,81,instock,"1,9 kg",,,0,0,NO_ACTIVE_VERIFIED
21374,JOS0691,0,simple,cat,81,instock,10 kg,,,0,0,NO_ACTIVE_VERIFIED
21376,JOS0692,0,simple,cat,81,instock,"1,9 kg",,,0,0,NO_ACTIVE_VERIFIED
21379,JOS0694,0,simple,cat,81,instock,"1,9 kg",,,0,0,NO_ACTIVE_VERIFIED
21381,JOS0695,0,simple,cat,81,instock,"1,9 kg",,,0,0,NO_ACTIVE_VERIFIED
21531,CHYP03,0,simple,cat,81,instock,300 g,,,0,0,NO_ACTIVE_VERIFIED
21707,JOS0793,0,simple,cat,81,instock,10 kg,41,41,1,1,OK
21728,JOS0798,0,simple,cat,81,instock,2 kg,42,42,1,1,OK
21740,JOS0803,0,simple,cat,81,instock,400 g,24,24,1,1,OK
21752,JOS0806,0,simple,cat,81,instock,400 g,40,40,1,1,OK
21762,JOS0808,0,simple,cat,81,instock,400 g,27,27,1,1,OK
21785,JOS0816,0,simple,cat,81,instock,2 kg,27,27,1,1,OK
21789,JOS0818,0,simple,cat,81,instock,400 g,27,27,1,1,OK
21842,JOS0844,0,simple,cat,81,instock,650 g,,,0,0,NO_ACTIVE_VERIFIED
21844,JOS0845,0,simple,cat,81,instock,650 g,,,0,0,NO_ACTIVE_VERIFIED
21846,JOS0846,0,simple,cat,81,instock,400 g,43,43,1,1,OK
24644,JOS0916,0,simple,dog,72,instock,"12,5 kg",29,29,1,1,OK
25165,NGPBS05,0,simple,dog,72,instock,500 g,,,0,0,NO_ACTIVE_VERIFIED
25227,NGALS07,0,simple,dog,72,instock,7 kg,167,167,1,1,OK
25229,JOS0918,0,simple,dog,72,instock,"12,5 kg",38,38,1,1,OK
25233,JOS0919,0,simple,dog,72,instock,"12,5 kg",39,39,1,1,OK
25237,JOS0920,0,simple,dog,72,instock,"12,5 kg",17,17,1,1,OK
25241,JOS0921,0,simple,dog,72,instock,"12,5 kg",18,18,1,1,OK
25261,JOS0908,0,simple,dog,72,instock,"12,5 kg",33,33,1,1,OK
25265,NGPTL12,0,simple,dog,72,instock,12 kg,,,0,0,NO_ACTIVE_VERIFIED
25383,JOS0925,0,simple,dog,72,instock,3 kg,34,34,1,1,OK
25387,JOS0926,0,simple,dog,72,instock,900 g,34,34,1,1,OK
25391,JOS0927,0,simple,dog,72,instock,10 kg,19,19,1,1,OK
25399,JOS0929,0,simple,dog,72,instock,3 kg,36,36,1,1,OK
25403,JOS0930,0,simple,dog,72,instock,900 g,36,36,1,1,OK
25407,JOS0932,0,simple,dog,72,instock,3 kg,19,19,1,1,OK
25411,JOS0933,0,simple,dog,72,instock,900 g,19,19,1,1,OK
25415,JOS0940,0,simple,dog,72,instock,900 g,23,23,1,1,OK
25419,JOS0941,0,simple,dog,72,instock,3 kg,26,26,1,1,OK
25435,JOS0945,0,simple,dog,72,instock,"12,5 kg",37,37,1,1,OK
25439,JOS0948,0,simple,dog,72,instock,900 g,33,33,1,1,OK
25443,JOS0952,0,simple,dog,72,instock,"12,5 kg",23,23,1,1,OK
25451,JOS0954,0,simple,dog,72,instock,"12,5 kg",20,20,1,1,OK
25455,JOS0955,0,simple,dog,72,instock,3 kg,20,20,1,1,OK
25463,JOS0957,0,simple,dog,72,instock,"12,5 kg",15,15,1,1,OK
25471,JOS0959,0,simple,dog,72,instock,3 kg,29,29,1,1,OK
25475,JOS0960,0,simple,dog,72,instock,900 g,29,29,1,1,OK
25479,JOS0961,0,simple,dog,72,instock,"12,5 kg",35,35,1,1,OK
25617,JOS0979,0,simple,dog,72,instock,"12,5 kg",14,14,1,1,OK
25625,JOS0988,0,simple,dog,72,instock,"12,5 kg",20,20,1,1,OK
25749,JOS1002,0,simple,dog,72,instock,900 g,,,0,0,NO_ACTIVE_VERIFIED
26054,JOS0997,0,simple,dog,72,instock,10 kg,,,0,0,NO_ACTIVE_VERIFIED
26296,JOS0975,0,simple,dog,72,instock,900 g,32,32,1,1,OK
26362,JOS0962,0,simple,dog,72,instock,"12,5 kg",25,25,1,1,OK
26365,JOS0934,0,simple,dog,72,instock,10 kg,16,16,1,1,OK
26368,JOS0949,0,simple,dog,72,instock,"12,5 kg",21,21,1,1,OK
26371,JOS0967,0,simple,dog,72,instock,"12,5 kg",13,13,1,1,OK
26375,JOS0964,0,simple,dog,72,instock,"12,5 kg",31,31,1,1,OK
26383,JOS0966,0,simple,dog,72,instock,900 g,31,31,1,1,OK
26387,JOS0971,0,simple,dog,72,instock,900 g,12,12,1,1,OK
26391,JOS0981,0,simple,dog,72,instock,900 g,14,14,1,1,OK
26395,JOS0991,0,simple,dog,72,instock,900 g,15,15,1,1,OK
26399,JOS0993,0,simple,dog,72,instock,900 g,17,17,1,1,OK
26403,JOS0995,0,simple,dog,72,instock,900 g,18,18,1,1,OK
26407,JOS0986,0,simple,dog,72,instock,900 g,20,20,1,1,OK
26411,JOS0951,0,simple,dog,72,instock,900 g,21,21,1,1,OK
26414,JOS0984,0,simple,dog,72,instock,900 g,22,22,1,1,OK
26418,JOS0936,0,simple,dog,72,instock,900 g,16,16,1,1,OK
26423,JOS0985,0,simple,dog,72,instock,900 g,23,23,1,1,OK
26431,JOS0969,0,simple,dog,72,instock,900 g,13,13,1,1,OK
26435,JOS0938,0,simple,dog,72,instock,900 g,28,28,1,1,OK
26438,JOS0976,0,simple,dog,72,instock,900 g,30,30,1,1,OK
26441,JOS0965,0,simple,dog,72,instock,3 kg,31,31,1,1,OK
26445,JOS0980,0,simple,dog,72,instock,3 kg,14,14,1,1,OK
26449,JOS0977,0,simple,dog,72,instock,3 kg,23,23,1,1,OK
26453,JOS0968,0,simple,dog,72,instock,3 kg,13,13,1,1,OK
26457,JOS0970,0,simple,dog,72,instock,3 kg,12,12,1,1,OK
26884,JOS0935,0,simple,dog,72,instock,3 kg,16,16,1,1,OK
26899,JOS1026,0,simple,dog,72,instock,3 kg,,,0,0,NO_ACTIVE_VERIFIED
26901,JOS0972,0,simple,dog,72,instock,900 g,19,19,1,1,OK
26909,JOS1048,0,simple,dog,72,instock,"2,7 kg",,,0,0,NO_ACTIVE_VERIFIED
26925,JOS0950,0,simple,dog,72,instock,3 kg,21,21,1,1,OK
27019,JOS0989,0,simple,dog,72,instock,3 kg,20,20,1,1,OK
27035,JOS1000,0,simple,dog,72,instock,10 kg,,,0,0,NO_ACTIVE_VERIFIED
27038,JOS0999,0,simple,dog,72,instock,900 g,,,0,0,NO_ACTIVE_VERIFIED
27126,JOS1025,0,simple,cat,81,instock,3 kg,,,0,0,NO_ACTIVE_VERIFIED
27128,JOS1023,0,simple,dog,72,instock,"2,5 kg",26,26,1,1,OK
27130,JOS1022,0,simple,dog,72,instock,"2,5 kg",29,29,1,1,OK
27132,JOS1021,0,simple,cat,81,instock,1 kg,24,24,1,1,OK
27134,JOS1050,0,simple,cat,81,instock,1 kg,27,27,1,1,OK
27564,F012PR0322,0,simple,cat,81,outofstock,"1,5 kg",11,11,1,1,OK
33229,F011BR1262,0,simple,dog,72,instock,5 kg,10,10,1,1,OK
33231,F011PR0543,0,simple,dog,72,outofstock,7 kg,,,0,0,NO_ACTIVE_VERIFIED
33235,F011PU0652,0,simple,dog,72,outofstock,"2,5 kg",8,,0,1,NO_ACTIVE_VERIFIED
33239,F011PU0663,0,simple,dog,72,instock,7 kg,9,9,1,1,OK
33243,F011PU0703,0,simple,dog,72,instock,7 kg,9,9,1,1,OK
33249,F011TR11301,0,simple,dog,72,instock,"1,5 kg",8,,0,1,NO_ACTIVE_VERIFIED
33251,F011TR11302,0,simple,dog,72,instock,5 kg,8,,0,1,NO_ACTIVE_VERIFIED
33253,F011WH1201,0,simple,dog,72,instock,5 kg,6,6,1,1,OK
33259,F012OC0203,0,simple,cat,81,instock,5 kg,7,,0,1,NO_ACTIVE_VERIFIED
33275,F012PR0343,0,simple,cat,81,outofstock,5 kg,,,0,0,NO_ACTIVE_VERIFIED
33285,F012PU0432,0,simple,cat,81,outofstock,"1,5 kg",,,0,0,NO_ACTIVE_VERIFIED
33289,F012PU0442,0,simple,cat,81,instock,"1,5 kg",5,5,1,1,OK
33293,F012QU0512,0,simple,cat,81,instock,"1,5 kg",4,4,1,1,OK
33303,F012TR0732,0,simple,cat,81,instock,"1,5 kg",3,3,1,1,OK
33305,F012TR0733,0,simple,cat,81,instock,,3,3,1,1,OK
33370,F031VL0111,0,simple,dog,72,instock,2 kg,,,0,0,NO_ACTIVE_VERIFIED
33390,F032VL0152,0,simple,cat,81,instock,"1,5 kg",,,0,0,NO_ACTIVE_VERIFIED
33394,F032VL0172,0,simple,cat,81,instock,2 kg,,,0,0,NO_ACTIVE_VERIFIED
33452,01A4A04031,0,simple,dog,72,instock,5 kg,2,2,1,1,OK
34471,DP-EXCL-HYPO-KIAUL-2KG-x2,0,simple,dog,72,instock,,,,0,0,NO_ACTIVE_VERIFIED
34484,DP-HYPS06-2,0,simple,dog,72,instock,,,,0,0,NO_ACTIVE_VERIFIED
34700,ZZTEST-A,0,simple,dog,72,instock,,,,0,0,NO_ACTIVE_VERIFIED
34701,ZZTEST-B,0,simple,dog,72,instock,,,,0,0,NO_ACTIVE_VERIFIED
34703,ZZTEST-D,0,simple,dog,72,instock,,,,0,0,NO_ACTIVE_VERIFIED
