product_id,sku,stock_status,product_cat,feeding_table_id,b_path_status,repository_capability,runtime_eligible,exclusion_reason
12452,01A1B01030,instock,72,160,full,calculator_supported,1,
12453,01A1B02031,instock,72,159,full,calculator_supported,1,
12455,01A1C04030,instock,72,162,full,calculator_supported,1,
12456,01A1E04030,instock,72,161,full,calculator_supported,1,
12457,01A1E05030,instock,72,163,full,calculator_supported,1,
12458,01A1E08030,instock,72,164,full,calculator_supported,1,
12459,01A1H0105,instock,72,105,full,calculator_supported,1,
12461,01A1H02040,instock,72,,,,0,no_active_table
12462,01A1H02050,instock,72,102,full,calculator_supported,1,
12464,01A1H02090,instock,72,156,full,calculator_supported,1,
12466,01A4A04050,instock,72,2,full,calculator_supported,1,
12468,01A4A05050,instock,72,157,full,calculator_supported,1,
12469,01A6A01110,instock,81,,,,0,no_active_table
12470,01A6B0112,instock,81,,,,0,no_active_table
12471,01A6B0212,instock,81,,,,0,no_active_table
12472,01A6B03110,instock,81,,,,0,no_active_table
12473,01A6B05091,instock,81,,,,0,no_active_table
12482,01OKA0010,instock,81,,,,0,no_active_table
12483,01OSU0003H,instock,72,,,,0,no_active_table
12484,01OSU0004H,instock,72,,,,0,no_active_table
12485,01OSU00070,instock,72,,,,0,no_active_table
12486,01OSU00080,instock,72,,,,0,no_active_table
12522,01M002002,instock,72,154,full,calculator_partial,1,needs_condition_axis
12525,01M010104,instock,72,152,partial,unsupported_structure,0,unsupported_structure
12527,01M011102,instock,72,153,full,calculator_partial,1,needs_condition_axis
12528,01M011103,instock,72,153,full,calculator_partial,1,needs_condition_axis
12531,01M020130,instock,72,155,partial,unsupported_structure,0,unsupported_structure
12533,01M0301020,instock,72,,,,0,no_active_table
12534,01M0311020,instock,72,151,full,calculator_partial,1,needs_condition_axis
12536,01M0400022,instock,72,150,full,calculator_partial,1,needs_condition_axis
12538,01M0400102,instock,72,64,partial,unsupported_structure,0,unsupported_structure
12540,01M0400202,instock,72,75,full,calculator_partial,1,needs_condition_axis
12541,01M0400203,instock,72,75,full,calculator_partial,1,needs_condition_axis
12543,01M0400302,instock,72,75,full,calculator_partial,1,needs_condition_axis
12544,01M0400303,instock,72,75,full,calculator_partial,1,needs_condition_axis
12546,01M0401102,instock,72,76,partial,unsupported_structure,0,unsupported_structure
12547,01M0401103,instock,72,76,partial,unsupported_structure,0,unsupported_structure
12549,01M0401202,instock,72,76,partial,unsupported_structure,0,unsupported_structure
12551,01M041101,instock,72,,,,0,no_active_table
12552,01M0411020,instock,72,74,full,calculator_partial,1,needs_condition_axis
12553,01M041201,instock,72,73,full,calculator_partial,1,needs_condition_axis
12554,01M0412020,instock,72,73,full,calculator_partial,1,needs_condition_axis
12556,01M0413020,instock,72,147,full,calculator_partial,1,needs_condition_axis
12557,01M041401,instock,72,127,full,calculator_partial,1,needs_condition_axis
12558,01M041402,instock,72,127,full,calculator_partial,1,needs_condition_axis
12559,01M041501,instock,72,148,full,calculator_partial,1,needs_condition_axis
12560,01M041502,instock,72,,,,0,no_active_table
12561,01M041601,instock,72,149,full,calculator_partial,1,needs_condition_axis
12562,01M041602,instock,72,,,,0,no_active_table
12563,01M041701,instock,72,71,full,calculator_partial,1,needs_condition_axis
12564,01M041702,instock,72,71,full,calculator_partial,1,needs_condition_axis
12566,01M041802,instock,72,,,,0,no_active_table
12568,01M042002,instock,72,,,,0,no_active_table
12570,01M051201,instock,72,145,full,calculator_partial,1,needs_condition_axis
12571,01M060101,instock,72,,,,0,no_active_table
12572,01M061001,instock,72,66,full,calculator_partial,1,needs_condition_axis
12573,01M061201,instock,72,69,full,calculator_partial,1,needs_condition_axis
12574,01M061301,instock,72,139,full,calculator_partial,1,needs_condition_axis
12576,01M110102,instock,81,,,,0,no_active_table
12580,01M131102,instock,81,144,full,calculator_partial,1,needs_condition_axis
12581,01M171102,instock,81,70,full,calculator_partial,1,needs_condition_axis
12582,01M181102,instock,81,67,full,calculator_partial,1,needs_condition_axis
12583,01M182102,instock,81,68,full,calculator_partial,1,needs_condition_axis
12584,01M191111,instock,81,142,full,calculator_partial,1,needs_condition_axis
12586,01M201202,instock,81,143,full,calculator_partial,1,needs_condition_axis
12636,01M412102,instock,72,206,full,calculator_partial,1,needs_condition_axis
12659,01MB131101,instock,81,,,,0,no_active_table
12660,01MB141101,instock,81,142,full,calculator_partial,1,needs_condition_axis
12661,01MB151101,instock,81,141,full,calculator_partial,1,needs_condition_axis
12662,01MB181101,instock,81,,,,0,no_active_table
12663,01MB191101,instock,81,140,full,calculator_partial,1,needs_condition_axis
12666,01MB400101,instock,72,,,,0,no_active_table
12667,01MB411101,instock,72,205,full,calculator_partial,1,needs_condition_axis
12668,01MB412101,instock,72,206,full,calculator_partial,1,needs_condition_axis
12669,01MB421101,instock,72,204,full,calculator_partial,1,needs_condition_axis
12670,01MB421201,instock,72,203,full,calculator_partial,1,needs_condition_axis
12671,01MB421301,instock,72,202,full,calculator_partial,1,needs_condition_axis
12672,01MB431101,instock,72,201,full,calculator_partial,1,needs_condition_axis
12673,01MB510101,instock,81,209,partial,calculator_partial,1,needs_condition_axis
12674,01MB511101,instock,81,207,full,calculator_partial,1,needs_condition_axis
12675,01MB511201,instock,81,,,,0,no_active_table
12676,01MB511301,instock,81,,,,0,no_active_table
12679,01MVC002,instock,81,,,,0,no_active_table
12681,01MVC102,instock,81,,,,0,no_active_table
12683,01MVC302,instock,81,,,,0,no_active_table
12685,01MVC402,instock,81,,,,0,no_active_table
12687,01MVC602,instock,81,,,,0,no_active_table
12689,01MVC702,instock,81,,,,0,no_active_table
12691,01MVC802,instock,81,,,,0,no_active_table
12693,01MVC902,instock,81,,,,0,no_active_table
12694,01MVD001,instock,72,,,,0,no_active_table
12695,01MVD002,instock,72,,,,0,no_active_table
12696,01MVD101,instock,72,,,,0,no_active_table
12697,01MVD102,instock,72,,,,0,no_active_table
12698,01MVD202,instock,72,,,,0,no_active_table
12699,01MVD301,instock,72,,,,0,no_active_table
12700,01MVD302,instock,72,,,,0,no_active_table
12701,01MVD401,instock,72,,,,0,no_active_table
12702,01MVD402,instock,72,,,,0,no_active_table
12703,01MVD501,instock,72,,,,0,no_active_table
12706,01MVD602,instock,72,,,,0,no_active_table
12707,01MVD701,instock,72,,,,0,no_active_table
12708,01MVD702,instock,72,,,,0,no_active_table
12718,01O69509710,instock,72,,,,0,no_active_table
12719,01O702703,instock,72,,,,0,no_active_table
12720,01O702700,instock,72,,,,0,no_active_table
12721,01O702705,instock,72,,,,0,no_active_table
12828,01O702701,instock,72,,,,0,no_active_table
12829,01MB231101,instock,81,,,,0,no_active_table
12830,01M061302,instock,72,139,full,calculator_partial,1,needs_condition_axis
12837,01M201502,instock,81,,,,0,no_active_table
12842,01M061203,instock,72,69,full,calculator_partial,1,needs_condition_axis
12859,01M061002,instock,72,66,full,calculator_partial,1,needs_condition_axis
12915,01A1H0215,instock,72,105,full,calculator_supported,1,
12916,01M041901,instock,72,65,full,calculator_partial,1,needs_condition_axis
12928,01A1C01032,instock,72,136,full,calculator_supported,1,
12930,01A1C03032,instock,72,137,full,calculator_supported,1,
12932,01OKA0111,instock,81,,,,0,no_active_table
12933,01OKA0256,instock,81,,,,0,no_active_table
12985,01MVD2011,instock,72,,,,0,no_active_table
12992,01OSU0067N,instock,72,,,,0,no_active_table
12993,01M183102,instock,81,135,full,calculator_partial,1,needs_condition_axis
13009,01OSU0070N,instock,72,,,,0,no_active_table
13019,01A1E09032,instock,72,134,full,calculator_supported,1,
13037,01M060102,instock,72,,,,0,no_active_table
13049,01M0415000,instock,72,132,partial,calculator_partial,1,needs_condition_axis
13051,01M04003000,instock,72,130,partial,calculator_partial,1,needs_condition_axis
13052,01M04003001,instock,72,130,partial,calculator_partial,1,needs_condition_axis
13053,01M0414000,instock,72,129,partial,calculator_partial,1,needs_condition_axis
13054,01M0414001,instock,72,129,partial,calculator_partial,1,needs_condition_axis
13055,01M041910,instock,72,131,full,calculator_partial,1,needs_condition_axis
13056,01M041911,instock,72,131,full,calculator_partial,1,needs_condition_axis
13869,01M0400103,instock,72,64,partial,unsupported_structure,0,unsupported_structure
13871,01M201602,instock,81,,,,0,no_active_table
13990,01M110110,instock,81,,,,0,no_active_table
13991,01M181110,instock,81,67,full,calculator_partial,1,needs_condition_axis
13992,01M182110,instock,81,63,full,calculator_partial,1,needs_condition_axis
14042,01M511303,instock,81,208,full,calculator_partial,1,needs_condition_axis
14171,01OKA9997,instock,81,,,,0,no_active_table
14173,01OSU4456,instock,72,,,,0,no_active_table
14183,01M510103,instock,81,209,partial,calculator_partial,1,needs_condition_axis
14185,01M511503,instock,81,,,,0,no_active_table
14186,01M511703,instock,81,,,,0,no_active_table
14274,01KOM057,instock,81,,,,0,no_active_table
14276,01ORDZB01,instock,72,,,,0,no_active_table
14277,01ORDZB02,instock,72,,,,0,no_active_table
14278,01ORDZB03,instock,72,,,,0,no_active_table
14279,01ORDZB04,instock,72,,,,0,no_active_table
14280,01ORDZB05,instock,72,,,,0,no_active_table
14281,01ORDZB06,instock,72,,,,0,no_active_table
14288,01MSED0551,instock,72,127,full,calculator_partial,1,needs_condition_axis
14467,01ORDZB07,instock,72,,,,0,no_active_table
14468,01ORDZB08,instock,72,,,,0,no_active_table
14469,01ORDZB09,instock,72,,,,0,no_active_table
14470,01ORDZB10,instock,72,,,,0,no_active_table
14471,01ORDZB11,instock,72,,,,0,no_active_table
14472,01ORDZB12,instock,72,,,,0,no_active_table
14473,01ORDZB13,instock,72,,,,0,no_active_table
14475,01A1B02061,instock,72,126,full,calculator_supported,1,
14476,01A1B03061,instock,72,106,full,calculator_supported,1,
14477,01A1B06132,instock,72,125,full,calculator_supported,1,
14478,01A1H02140,instock,72,124,full,calculator_supported,1,
14497,F011BR1251,instock,72,62,partial,unsupported_structure,0,unsupported_structure
14498,F011BR1261,instock,72,10,full,calculator_supported,1,
14500,F011BR1271,instock,72,122,partial,unsupported_structure,0,unsupported_structure
14501,F011BR1281,instock,72,52,full,calculator_supported,1,
14502,F011BR1282,instock,72,52,full,calculator_supported,1,
14503,F011OC0303,instock,72,,,,0,no_active_table
14504,F011OC0322,instock,72,,,,0,no_active_table
14505,F011OC0371,instock,72,9,full,calculator_supported,1,
14506,F011OC0372,instock,72,9,full,calculator_supported,1,
14507,F011OC0373,instock,72,9,full,calculator_supported,1,
14508,F011OC0381,instock,72,57,full,calculator_supported,1,
14509,F011OC0382,instock,72,57,full,calculator_supported,1,
14510,F011OC0391,instock,72,60,full,calculator_supported,1,
14511,F011OC0392,instock,72,60,full,calculator_supported,1,
14512,F011OC0393,instock,72,60,full,calculator_supported,1,
14513,F011OC0401,instock,72,59,full,calculator_supported,1,
14514,F011OC0402,instock,72,59,full,calculator_supported,1,
14515,F011PR0522,instock,72,121,partial,unsupported_structure,0,unsupported_structure
14516,F011PR0541,instock,72,60,full,calculator_supported,1,
14517,F011PR0542,instock,72,60,full,calculator_supported,1,
14519,F011PR0561,instock,72,60,full,calculator_supported,1,
14520,F011PR0562,instock,72,60,full,calculator_supported,1,
14521,F011PR0563,instock,72,60,full,calculator_supported,1,
14522,F011PR0571,instock,72,59,full,calculator_supported,1,
14523,F011PR0572,instock,72,59,full,calculator_supported,1,
14524,F011PU0601,instock,72,120,partial,calculator_partial,1,needs_condition_axis
14525,F011PU0602,instock,72,120,partial,calculator_partial,1,needs_condition_axis
14526,F011PU0611,instock,72,,,,0,no_active_table
14530,F011PU0653,instock,72,,,,0,no_active_table
14532,F011PU0662,instock,72,9,full,calculator_supported,1,
14534,F011PU0672,instock,72,,,,0,no_active_table
14535,F011PU0682,instock,72,57,full,calculator_supported,1,
14537,F011PU0702,instock,72,9,full,calculator_supported,1,
14539,F011PU0711,instock,72,57,full,calculator_supported,1,
14541,F011PU0721,instock,72,58,full,calculator_supported,1,
14542,F011PU0722,instock,72,57,full,calculator_supported,1,
14544,F011PU0732,instock,72,57,full,calculator_supported,1,
14545,F011PU0741,instock,72,58,full,calculator_supported,1,
14546,F011QU0811,instock,72,119,full,calculator_supported,1,
14547,F011QU0812,instock,72,119,full,calculator_supported,1,
14548,F011QU0821,instock,72,56,full,calculator_supported,1,
14549,F011QU0822,instock,72,56,full,calculator_supported,1,
14550,F011QU0823,instock,72,56,full,calculator_supported,1,
14551,F011QU0831,instock,72,55,full,calculator_supported,1,
14552,F011QU0832,instock,72,55,full,calculator_supported,1,
14553,F011QU0852,instock,72,119,full,calculator_supported,1,
14554,F011QU0891,instock,72,119,full,calculator_supported,1,
14556,F011QU0911,instock,72,118,full,calculator_supported,1,
14558,F011QU0921,instock,72,117,full,calculator_supported,1,
14559,F011QU0922,instock,72,117,full,calculator_supported,1,
14560,F011QU0931,instock,72,116,full,calculator_supported,1,
14561,F011QU0932,instock,72,116,full,calculator_supported,1,
14564,F011TR1131,instock,72,54,full,calculator_supported,1,
14565,F011TR1132,instock,72,54,full,calculator_supported,1,
14566,F011TR1151,instock,72,53,full,calculator_supported,1,
14567,F011TR1152,instock,72,53,full,calculator_supported,1,
14568,F011TR1161,instock,72,54,full,calculator_supported,1,
14569,F011TR1162,instock,72,54,full,calculator_supported,1,
14570,F011TR1171,instock,72,53,full,calculator_supported,1,
14571,F011TR1172,instock,72,53,full,calculator_supported,1,
14572,F011TR1181,instock,72,54,full,calculator_supported,1,
14573,F011TR1182,instock,72,54,full,calculator_supported,1,
14574,F011TR1191,instock,72,53,full,calculator_supported,1,
14575,F011TR1192,instock,72,53,full,calculator_supported,1,
14577,F011WH1211,instock,72,10,full,calculator_supported,1,
14578,F011WH1212,instock,72,10,full,calculator_supported,1,
14579,F011WH1221,instock,72,115,partial,unsupported_structure,0,unsupported_structure
14580,F011WH1231,instock,72,52,full,calculator_supported,1,
14581,F011WH1232,instock,72,52,full,calculator_supported,1,
14584,F012OC0202,instock,81,,,,0,no_active_table
14587,F012OC0232,instock,81,5,full,calculator_supported,1,
14590,F012OC0242,instock,81,114,full,calculator_supported,1,
14591,F012OC0243,instock,81,114,full,calculator_supported,1,
14593,F012PR0302,instock,81,,,,0,no_active_table
14604,F012PU0422,instock,81,51,full,calculator_supported,1,
14605,F012PU0423,instock,81,51,full,calculator_supported,1,
14608,F012PU0433,instock,81,112,full,calculator_supported,1,
14611,F012PU0443,instock,81,5,full,calculator_supported,1,
14614,F012QU0513,instock,81,4,full,calculator_supported,1,
14616,F012QU0542,instock,81,111,full,calculator_supported,1,
14617,F012QU0543,instock,81,111,full,calculator_supported,1,
14619,F012QU0552,instock,81,50,full,calculator_supported,1,
14620,F012QU0553,instock,81,50,full,calculator_supported,1,
14622,F012TR0712,instock,81,3,full,calculator_supported,1,
14623,F012TR0713,instock,81,3,full,calculator_supported,1,
14624,F012TR0714,instock,81,3,full,calculator_supported,1,
14628,F012TR0734,instock,81,3,full,calculator_supported,1,
14630,F031VL0112,instock,72,,,,0,no_active_table
14631,F031VL0121,instock,72,,,,0,no_active_table
14632,F031VL0122,instock,72,,,,0,no_active_table
14633,F031VL0131,instock,72,,,,0,no_active_table
14634,F031VL0132,instock,72,,,,0,no_active_table
14635,F031VL0141,instock,72,,,,0,no_active_table
14636,F031VL0142,instock,72,,,,0,no_active_table
14637,F031VL0151,instock,72,,,,0,no_active_table
14638,F031VL0152,instock,72,,,,0,no_active_table
14639,F031VL0171,instock,72,,,,0,no_active_table
14640,F031VL0172,instock,72,,,,0,no_active_table
14641,F031VL0181,instock,72,,,,0,no_active_table
14642,F031VL0182,instock,72,,,,0,no_active_table
14643,F031VL0191,instock,72,,,,0,no_active_table
14644,F031VL0192,instock,72,,,,0,no_active_table
14645,F031VL0201,instock,72,,,,0,no_active_table
14647,F031VL0212,instock,72,,,,0,no_active_table
14648,F031VL0231,instock,72,,,,0,no_active_table
14649,F031VL0232,instock,72,,,,0,no_active_table
14650,F031VL0241,instock,72,,,,0,no_active_table
14651,F031VL0242,instock,72,,,,0,no_active_table
14652,F031VL0251,instock,72,,,,0,no_active_table
14657,F032VL0112,instock,81,,,,0,no_active_table
14660,F032VL0122,instock,81,,,,0,no_active_table
14661,F032VL0123,instock,81,,,,0,no_active_table
14662,F032VL0124,instock,81,,,,0,no_active_table
14664,F032VL0142,instock,81,,,,0,no_active_table
14669,F032VL0162,instock,81,,,,0,no_active_table
14670,F032VL0163,instock,81,,,,0,no_active_table
14671,F032VL0164,instock,81,,,,0,no_active_table
14674,F032VL0182,instock,81,,,,0,no_active_table
14675,F032VL0184,instock,81,,,,0,no_active_table
14677,F032VL0192,instock,81,,,,0,no_active_table
14678,F032VL0193,instock,81,,,,0,no_active_table
14700,F041MAD0103,instock,81,110,full,calculator_partial,1,needs_condition_axis
14703,F041MAD0113,instock,81,49,full,calculator_supported,1,
14706,F041MAD0123,instock,81,49,full,calculator_supported,1,
14708,F041MAD0132,instock,81,48,full,calculator_supported,1,
14711,F041MAD0143,instock,81,49,full,calculator_supported,1,
14714,F041MAD0153,instock,81,48,full,calculator_supported,1,
14717,01A1B010610,instock,72,109,full,calculator_supported,1,
14769,01A1B060311,instock,72,108,full,calculator_supported,1,
14770,01A1B090521,instock,72,107,full,calculator_supported,1,
14771,01A1B100321,instock,72,106,full,calculator_supported,1,
14772,01A1H021011,instock,72,105,full,calculator_supported,1,
14791,01A1A04150,instock,72,,,,0,no_active_table
14792,01A1F03140,instock,72,103,full,calculator_supported,1,
14793,01A1A030700,instock,72,102,full,calculator_supported,1,
14794,01A1B05030,instock,72,47,full,calculator_supported,1,
14804,01MVD901,instock,72,,,,0,no_active_table
14805,01MVD902,instock,72,,,,0,no_active_table
14817,01A1F03040,instock,72,101,full,calculator_supported,1,
14818,01A1B05130,instock,72,100,full,calculator_supported,1,
16198,640214268-1,instock,81,218,full,calculator_partial,1,needs_condition_axis
16210,640416-1,instock,81,222,full,calculator_partial,1,needs_condition_axis
16217,m11938,instock,81,,,,0,no_active_table
16225,m05524,instock,81,,,,0,no_active_table
16228,m11952,instock,81,,,,0,no_active_table
16234,640212842-1,instock,81,193,full,calculator_supported,1,
16239,640220103,instock,81,220,full,calculator_partial,1,needs_condition_axis
16245,640220-1,instock,81,220,full,calculator_partial,1,needs_condition_axis
16248,m05234,instock,81,,,,0,no_active_table
16259,640213774,instock,81,221,full,calculator_partial,1,needs_condition_axis
16265,40626,instock,81,219,full,calculator_partial,1,needs_condition_axis
16270,640000,instock,81,219,full,calculator_partial,1,needs_condition_axis
16320,RC102040,instock,81,99,full,calculator_supported,1,
16402,42085,instock,72,,,,0,no_active_table
16411,2817,instock,72,,,,0,no_active_table
16422,42077,instock,72,,,,0,no_active_table
16425,42079,instock,72,,,,0,no_active_table
16431,2813,instock,72,,,,0,no_active_table
16469,122340,instock,81,211,full,calculator_partial,1,needs_condition_axis
16475,122370183,instock,81,211,full,calculator_partial,1,needs_condition_axis
16478,127380228,instock,81,210,full,calculator_partial,1,needs_condition_axis
16481,127380,instock,81,210,full,calculator_partial,1,needs_condition_axis
16484,216210,instock,81,217,full,calculator_partial,1,needs_condition_axis
16492,141150,instock,72,214,full,calculator_partial,1,needs_condition_axis
16510,123950,instock,81,216,full,calculator_partial,1,needs_condition_axis
16516,121550,instock,81,215,full,calculator_partial,1,needs_condition_axis
16519,216110,instock,81,215,full,calculator_partial,1,needs_condition_axis
16522,122110,instock,81,212,full,calculator_partial,1,needs_condition_axis
16525,217570,instock,81,212,full,calculator_partial,1,needs_condition_axis
16528,131350,instock,72,213,full,calculator_partial,1,needs_condition_axis
16537,2.008119,instock,72,,,,0,no_active_table
16540,2.008117,instock,72,174,full,calculator_supported,1,
16543,2.008122,instock,72,,,,0,no_active_table
16546,2.008118,instock,72,170,full,calculator_supported,1,
16549,2.008124,instock,72,,,,0,no_active_table
16552,2.008121,instock,72,,,,0,no_active_table
16555,2.008047,instock,72,,,,0,no_active_table
16558,2.008043,instock,72,174,full,calculator_supported,1,
16561,2.008051,instock,72,,,,0,no_active_table
16564,2.008045,instock,72,170,full,calculator_supported,1,
16567,2.008056,instock,72,,,,0,no_active_table
16573,2.011762,instock,81,,,,0,no_active_table
16576,2.011763,instock,81,,,,0,no_active_table
16579,2.011765,instock,81,,,,0,no_active_table
16582,2.011764,instock,81,,,,0,no_active_table
16585,2.011767,instock,81,,,,0,no_active_table
16588,2.011766,instock,81,,,,0,no_active_table
16591,2.009363,instock,72,,,,0,no_active_table
16594,2.009364,instock,72,,,,0,no_active_table
16597,2.009147,instock,72,180,full,calculator_partial,1,needs_condition_axis
16600,2.009149,instock,72,175,full,calculator_supported,1,
16603,2.009143,instock,72,,,,0,no_active_table
16606,2.009139,instock,72,,,,0,no_active_table
16609,2.009141,instock,72,,,,0,no_active_table
16612,2.009137,instock,72,181,partial,unsupported_structure,0,unsupported_structure
16615,2.009145,instock,72,,,,0,no_active_table
16618,2.008261,instock,81,,,,0,no_active_table
16621,2.006822,instock,81,,,,0,no_active_table
16624,2.006816,instock,72,,,,0,no_active_table
16627,2.006666,instock,72,,,,0,no_active_table
16630,2.010448,instock,72,178,full,calculator_supported,1,
16633,2.010447,instock,72,178,full,calculator_supported,1,
16636,2.006774,instock,72,176,full,calculator_supported,1,
16639,2.006818,instock,72,176,full,calculator_supported,1,
16642,2.010446,instock,72,177,full,calculator_supported,1,
16645,2.010445,instock,72,177,full,calculator_supported,1,
16648,2.006815,instock,72,,,,0,no_active_table
16651,2.006667,instock,72,,,,0,no_active_table
16654,2.010023,instock,72,179,full,calculator_supported,1,
16657,2.008452,instock,81,,,,0,no_active_table
16660,2.006903,instock,72,,,,0,no_active_table
16663,2.006817,instock,72,,,,0,no_active_table
16666,2.008878,instock,72,173,full,calculator_supported,1,
16669,2.008879,instock,72,173,full,calculator_supported,1,
16672,2.006814,instock,72,172,full,calculator_supported,1,
16675,2.006665,instock,72,172,full,calculator_supported,1,
16678,2.008256,instock,81,,,,0,no_active_table
16681,2.00682,instock,81,,,,0,no_active_table
16684,2.006764,instock,72,171,full,calculator_supported,1,
16687,2.006664,instock,72,171,full,calculator_supported,1,
16690,2.009148,instock,72,180,full,calculator_partial,1,needs_condition_axis
16693,2.00915,instock,72,175,full,calculator_supported,1,
16696,2.009144,instock,72,,,,0,no_active_table
16699,2.00914,instock,72,,,,0,no_active_table
16702,2.009142,instock,72,,,,0,no_active_table
16705,2.009138,instock,72,181,partial,unsupported_structure,0,unsupported_structure
16708,2.009146,instock,72,,,,0,no_active_table
16712,2.01176,instock,81,,,,0,no_active_table
16715,2.011759,instock,81,,,,0,no_active_table
16718,2.011758,instock,81,,,,0,no_active_table
16721,2.011755,instock,81,,,,0,no_active_table
16724,2.011754,instock,81,,,,0,no_active_table
16727,2.011761,instock,81,,,,0,no_active_table
16745,15045,instock,72,,,,0,no_active_table
16751,03020,instock,72,,,,0,no_active_table
16763,01020,instock,72,,,,0,no_active_table
16772,04020,instock,72,,,,0,no_active_table
16776,04046,instock,72,,,,0,no_active_table
16779,19246,instock,72,,,,0,no_active_table
16782,19215,instock,72,,,,0,no_active_table
16785,19145,instock,72,,,,0,no_active_table
16788,19146,instock,72,,,,0,no_active_table
16791,19346,instock,72,,,,0,no_active_table
16794,19315,instock,72,,,,0,no_active_table
16810,06072,instock,72,,,,0,no_active_table
16824,17072,instock,72,,,,0,no_active_table
16854,09015,instock,72,,,,0,no_active_table
16857,18446,instock,72,,,,0,no_active_table
16862,18415,instock,72,,,,0,no_active_table
16865,18346,instock,72,,,,0,no_active_table
16868,18315,instock,72,,,,0,no_active_table
16871,18146,instock,72,,,,0,no_active_table
16876,18246,instock,72,,,,0,no_active_table
16881,18215,instock,72,,,,0,no_active_table
16886,73009,instock,81,,,,0,no_active_table
17213,651153,instock,72,195,full,calculator_supported,1,
17216,74746,instock,72,195,full,calculator_supported,1,
17262,2808,instock,72,194,full,calculator_supported,1,
17265,651049,instock,72,194,full,calculator_supported,1,
17268,74755,instock,72,194,full,calculator_supported,1,
17280,651087,instock,72,191,full,calculator_supported,1,
17286,74767,instock,72,190,full,calculator_supported,1,
17293,650501,instock,72,189,full,calculator_supported,1,
17296,75925,instock,72,188,full,calculator_supported,1,
17299,651135,instock,72,187,full,calculator_supported,1,
17947,JOS0617,instock,72,98,full,calculator_supported,1,
17950,JOS0622,instock,72,184,full,calculator_supported,1,
17953,JOS0849,instock,72,186,partial,calculator_partial,1,needs_condition_axis
17956,JOS0003,instock,72,,,,0,no_active_table
17959,JOS0799,instock,72,183,full,calculator_supported,1,
17962,JOS0836,instock,72,182,full,calculator_supported,1,
17965,JOS0813,instock,81,185,full,calculator_partial,1,needs_condition_axis
17969,JOS0723,instock,81,185,full,calculator_partial,1,needs_condition_axis
17972,JOS0812,instock,81,185,full,calculator_partial,1,needs_condition_axis
17978,JOS0914,instock,72,97,full,calculator_supported,1,
17983,JOS0796,instock,81,27,full,calculator_supported,1,
17986,JOS0790,instock,81,27,full,calculator_supported,1,
17992,JOS0847,instock,81,27,full,calculator_supported,1,
17995,JOS0982,instock,72,96,full,calculator_supported,1,
18000,JOS0910,instock,72,95,full,calculator_supported,1,
18011,JOS0205,instock,81,42,full,calculator_supported,1,
18014,JOS0731,instock,72,1,full,calculator_supported,1,
18018,JOS0931,instock,72,94,full,calculator_supported,1,
18022,JOS0924,instock,72,,,,0,no_active_table
18026,JOS0974,instock,72,92,full,calculator_supported,1,
18029,JOS0973,instock,72,92,full,calculator_supported,1,
18032,JOS0912,instock,72,92,full,calculator_supported,1,
18036,JOS0069443,instock,72,92,full,calculator_supported,1,
18040,JOS0797,instock,81,40,full,calculator_supported,1,
18043,JOS0167,instock,81,40,full,calculator_supported,1,
18046,JOS0915,instock,72,91,full,calculator_supported,1,
18051,JOS0794,instock,81,41,full,calculator_supported,1,
18054,JOS0805,instock,81,41,full,calculator_supported,1,
18058,64038948,instock,81,41,full,calculator_supported,1,
18062,JOS0817,instock,81,24,full,calculator_partial,1,needs_condition_axis
18065,JOS0417,instock,81,24,full,calculator_partial,1,needs_condition_axis
18074,JOS0811,instock,81,24,full,calculator_partial,1,needs_condition_axis
18077,JOS0810,instock,81,24,full,calculator_partial,1,needs_condition_axis
18080,JOS1005,instock,81,90,full,calculator_supported,1,
18084,JOS1004,instock,81,90,full,calculator_supported,1,
18088,JOS0917,instock,72,89,full,calculator_supported,1,
18092,JOS0815,instock,81,43,full,calculator_supported,1,
18095,JOS0814,instock,81,43,full,calculator_supported,1,
18098,JOS0795,instock,81,88,full,calculator_supported,1,
18101,JOS0789,instock,81,88,full,calculator_supported,1,
18106,JOS0792,instock,81,27,full,calculator_supported,1,
18109,JOS0791,instock,81,27,full,calculator_supported,1,
18112,JOS0943,instock,72,87,full,calculator_supported,1,
18149,JOS0978,instock,72,26,full,calculator_supported,1,
18154,JOS0913,instock,72,23,full,calculator_supported,1,
18159,JOS0944,instock,72,1,full,calculator_supported,1,
18379,JOS0666,instock,72,,,,0,no_active_table
18382,JOS0663,instock,72,,,,0,no_active_table
18385,JOS0996,instock,72,,,,0,no_active_table
18524,NGCST12,instock,81,200,full,calculator_partial,1,needs_condition_axis
18527,NGCST01,instock,81,200,full,calculator_partial,1,needs_condition_axis
18530,NGCSB01,instock,81,200,full,calculator_partial,1,needs_condition_axis
18533,NGCGC01,instock,81,,,,0,no_active_table
18536,NGCKC01,instock,81,85,full,unsupported_structure,0,unsupported_structure
18539,NGCAC01,instock,81,84,full,calculator_supported,1,
18542,NGCAB01,instock,81,84,full,calculator_supported,1,
18545,INPM11,instock,72,,,,0,no_active_table
18548,INPA11,instock,72,,,,0,no_active_table
18551,INPS06,instock,72,,,,0,no_active_table
18554,HYIM11,instock,72,166,full,calculator_supported,1,
18557,HYRM11,instock,72,166,full,calculator_supported,1,
18566,HYHM11,instock,72,166,full,calculator_supported,1,
18572,HYPA11,instock,72,,,,0,no_active_table
18575,HYFS02,instock,72,165,full,calculator_supported,1,
18578,HYRS02,instock,72,165,full,calculator_supported,1,
18581,HYHS02,instock,72,165,full,calculator_supported,1,
18584,HYPS08,instock,72,165,full,calculator_supported,1,
18587,HYPS06,instock,72,165,full,calculator_supported,1,
18590,HYPS02,instock,72,165,full,calculator_supported,1,
18617,CHYP01,instock,81,83,full,calculator_supported,1,
18620,HHFM11,instock,72,,,,0,no_active_table
19715,AMTD02,instock,72,82,full,calculator_supported,1,
19720,AMTD12,instock,72,82,full,calculator_supported,1,
19725,AMTR02,instock,72,81,full,calculator_supported,1,
19730,AMTR12,instock,72,81,full,calculator_supported,1,
19735,AMTS02,instock,72,80,full,calculator_supported,1,
19740,AMTS12,instock,72,80,full,calculator_supported,1,
19747,AMLS02,instock,72,78,full,calculator_supported,1,
19751,AMLS12,instock,72,78,full,calculator_supported,1,
19756,AMLE02,instock,72,79,full,calculator_supported,1,
19760,AMLE12,instock,72,79,full,calculator_supported,1,
19765,AMBS02,instock,72,78,full,calculator_supported,1,
19770,AMBS12,instock,72,78,full,calculator_supported,1,
19775,AMPCF02,instock,72,77,partial,unsupported_structure,0,unsupported_structure
19780,AMPCS02,instock,72,223,partial,unsupported_structure,0,unsupported_structure
19785,AMPCS12,instock,72,223,partial,unsupported_structure,0,unsupported_structure
19896,HYPS06-2,instock,72,165,full,calculator_supported,1,
19899,HYPS02-2,instock,72,165,full,calculator_supported,1,
19920,JOS0946,instock,72,46,full,calculator_supported,1,
19921,JOS0947,instock,72,46,full,calculator_supported,1,
20391,JOS0280,instock,81,,,,0,no_active_table
20393,JOS0339,instock,72,,,,0,no_active_table
20397,JOS0399,instock,72,,,,0,no_active_table
20399,JOS0401,instock,81,,,,0,no_active_table
20401,JOS0402,instock,81,,,,0,no_active_table
20403,JOS0412,instock,72,,,,0,no_active_table
20537,NGPBM12,instock,72,,,,0,no_active_table
20539,NGPBS02,instock,72,,,,0,no_active_table
20541,NGPBS07,instock,72,,,,0,no_active_table
20543,NGPTM03,instock,72,,,,0,no_active_table
20545,NGPTS05,instock,72,,,,0,no_active_table
20941,HHFS02,instock,72,199,full,calculator_supported,1,
20943,HYDS02,instock,72,165,full,calculator_supported,1,
20947,HYHM02,instock,72,166,full,calculator_supported,1,
20957,HYPA02,instock,72,,,,0,no_active_table
20961,HYPM02,instock,72,166,full,calculator_supported,1,
20977,HYVS02,instock,72,165,full,calculator_supported,1,
21041,JOS0869,instock,72,45,full,calculator_supported,1,
21043,JOS0870,instock,72,45,full,calculator_supported,1,
21117,NGABM03,instock,72,168,full,calculator_supported,1,
21123,NGABS05,instock,72,167,full,calculator_supported,1,
21129,NGALL12,instock,72,169,full,calculator_supported,1,
21131,NGALM03,instock,72,168,full,calculator_supported,1,
21133,NGALM12,instock,72,168,full,calculator_supported,1,
21135,NGALS02,instock,72,167,full,calculator_supported,1,
21137,NGALS05,instock,72,167,full,calculator_supported,1,
21143,NGATL12,instock,72,169,full,calculator_supported,1,
21145,NGATM03,instock,72,168,full,calculator_supported,1,
21147,NGATM12,instock,72,168,full,calculator_supported,1,
21149,NGATS02,instock,72,167,full,calculator_supported,1,
21151,NGATS05,instock,72,167,full,calculator_supported,1,
21153,NGATS07,instock,72,167,full,calculator_supported,1,
21173,JOS0693,instock,81,,,,0,no_active_table
21316,f0895d584535,instock,72,,,,0,no_active_table
21321,JOS0620,instock,72,44,full,calculator_supported,1,
21337,JOS0647,instock,72,,,,0,no_active_table
21339,JOS0653,instock,72,,,,0,no_active_table
21345,JOS0672,instock,81,,,,0,no_active_table
21360,JOS0684,instock,72,,,,0,no_active_table
21362,JOS0685,instock,72,,,,0,no_active_table
21364,JOS0686,instock,72,,,,0,no_active_table
21368,JOS0688,instock,72,,,,0,no_active_table
21370,JOS0689,instock,81,,,,0,no_active_table
21372,JOS0690,instock,81,,,,0,no_active_table
21374,JOS0691,instock,81,,,,0,no_active_table
21376,JOS0692,instock,81,,,,0,no_active_table
21379,JOS0694,instock,81,,,,0,no_active_table
21381,JOS0695,instock,81,,,,0,no_active_table
21531,CHYP03,instock,81,,,,0,no_active_table
21707,JOS0793,instock,81,41,full,calculator_supported,1,
21728,JOS0798,instock,81,42,full,calculator_supported,1,
21740,JOS0803,instock,81,24,full,calculator_partial,1,needs_condition_axis
21752,JOS0806,instock,81,40,full,calculator_supported,1,
21762,JOS0808,instock,81,27,full,calculator_supported,1,
21785,JOS0816,instock,81,27,full,calculator_supported,1,
21789,JOS0818,instock,81,27,full,calculator_supported,1,
21842,JOS0844,instock,81,,,,0,no_active_table
21844,JOS0845,instock,81,,,,0,no_active_table
21846,JOS0846,instock,81,43,full,calculator_supported,1,
24644,JOS0916,instock,72,29,partial,calculator_partial,1,needs_condition_axis
25165,NGPBS05,instock,72,,,,0,no_active_table
25227,NGALS07,instock,72,167,full,calculator_supported,1,
25229,JOS0918,instock,72,38,full,calculator_supported,1,
25233,JOS0919,instock,72,39,full,calculator_supported,1,
25237,JOS0920,instock,72,17,partial,calculator_partial,1,needs_condition_axis
25241,JOS0921,instock,72,18,full,calculator_supported,1,
25261,JOS0908,instock,72,33,partial,calculator_partial,1,needs_condition_axis
25265,NGPTL12,instock,72,,,,0,no_active_table
25383,JOS0925,instock,72,34,partial,calculator_partial,1,needs_condition_axis
25387,JOS0926,instock,72,34,partial,calculator_partial,1,needs_condition_axis
25391,JOS0927,instock,72,19,full,calculator_supported,1,
25399,JOS0929,instock,72,36,full,calculator_supported,1,
25403,JOS0930,instock,72,36,full,calculator_supported,1,
25407,JOS0932,instock,72,19,full,calculator_supported,1,
25411,JOS0933,instock,72,19,full,calculator_supported,1,
25415,JOS0940,instock,72,23,full,calculator_supported,1,
25419,JOS0941,instock,72,26,full,calculator_supported,1,
25435,JOS0945,instock,72,37,full,calculator_supported,1,
25439,JOS0948,instock,72,33,partial,calculator_partial,1,needs_condition_axis
25443,JOS0952,instock,72,23,full,calculator_supported,1,
25451,JOS0954,instock,72,20,full,calculator_supported,1,
25455,JOS0955,instock,72,20,full,calculator_supported,1,
25463,JOS0957,instock,72,15,full,calculator_supported,1,
25471,JOS0959,instock,72,29,partial,calculator_partial,1,needs_condition_axis
25475,JOS0960,instock,72,29,partial,calculator_partial,1,needs_condition_axis
25479,JOS0961,instock,72,35,full,calculator_supported,1,
25617,JOS0979,instock,72,14,full,calculator_supported,1,
25625,JOS0988,instock,72,20,full,calculator_supported,1,
25749,JOS1002,instock,72,,,,0,no_active_table
26054,JOS0997,instock,72,,,,0,no_active_table
26296,JOS0975,instock,72,32,full,calculator_supported,1,
26362,JOS0962,instock,72,25,full,calculator_supported,1,
26365,JOS0934,instock,72,16,full,calculator_supported,1,
26368,JOS0949,instock,72,21,partial,calculator_partial,1,needs_condition_axis
26371,JOS0967,instock,72,13,full,calculator_supported,1,
26375,JOS0964,instock,72,31,partial,calculator_partial,1,needs_condition_axis
26383,JOS0966,instock,72,31,partial,calculator_partial,1,needs_condition_axis
26387,JOS0971,instock,72,12,full,calculator_supported,1,
26391,JOS0981,instock,72,14,full,calculator_supported,1,
26395,JOS0991,instock,72,15,full,calculator_supported,1,
26399,JOS0993,instock,72,17,partial,calculator_partial,1,needs_condition_axis
26403,JOS0995,instock,72,18,full,calculator_supported,1,
26407,JOS0986,instock,72,20,full,calculator_supported,1,
26411,JOS0951,instock,72,21,partial,calculator_partial,1,needs_condition_axis
26414,JOS0984,instock,72,22,full,calculator_supported,1,
26418,JOS0936,instock,72,16,full,calculator_supported,1,
26423,JOS0985,instock,72,23,full,calculator_supported,1,
26431,JOS0969,instock,72,13,full,calculator_supported,1,
26435,JOS0938,instock,72,28,full,calculator_supported,1,
26438,JOS0976,instock,72,30,full,calculator_supported,1,
26441,JOS0965,instock,72,31,partial,calculator_partial,1,needs_condition_axis
26445,JOS0980,instock,72,14,full,calculator_supported,1,
26449,JOS0977,instock,72,23,full,calculator_supported,1,
26453,JOS0968,instock,72,13,full,calculator_supported,1,
26457,JOS0970,instock,72,12,full,calculator_supported,1,
26884,JOS0935,instock,72,16,full,calculator_supported,1,
26899,JOS1026,instock,72,,,,0,no_active_table
26901,JOS0972,instock,72,19,full,calculator_supported,1,
26909,JOS1048,instock,72,,,,0,no_active_table
26925,JOS0950,instock,72,21,partial,calculator_partial,1,needs_condition_axis
27019,JOS0989,instock,72,20,full,calculator_supported,1,
27035,JOS1000,instock,72,,,,0,no_active_table
27038,JOS0999,instock,72,,,,0,no_active_table
27126,JOS1025,instock,81,,,,0,no_active_table
27128,JOS1023,instock,72,26,full,calculator_supported,1,
27130,JOS1022,instock,72,29,partial,calculator_partial,1,needs_condition_axis
27132,JOS1021,instock,81,24,full,calculator_partial,1,needs_condition_axis
27134,JOS1050,instock,81,27,full,calculator_supported,1,
27564,F012PR0322,instock,81,11,full,calculator_supported,1,
33229,F011BR1262,instock,72,10,full,calculator_supported,1,
33239,F011PU0663,instock,72,9,full,calculator_supported,1,
33243,F011PU0703,instock,72,9,full,calculator_supported,1,
33249,F011TR11301,instock,72,,,,0,no_active_table
33251,F011TR11302,instock,72,,,,0,no_active_table
33253,F011WH1201,instock,72,6,partial,unsupported_structure,0,unsupported_structure
33259,F012OC0203,instock,81,,,,0,no_active_table
33289,F012PU0442,instock,81,5,full,calculator_supported,1,
33293,F012QU0512,instock,81,4,full,calculator_supported,1,
33303,F012TR0732,instock,81,3,full,calculator_supported,1,
33305,F012TR0733,instock,81,3,full,calculator_supported,1,
33370,F031VL0111,instock,72,,,,0,no_active_table
33390,F032VL0152,instock,81,,,,0,no_active_table
33394,F032VL0172,instock,81,,,,0,no_active_table
33452,01A4A04031,instock,72,2,full,calculator_supported,1,
34471,DP-EXCL-HYPO-KIAUL-2KG-x2,instock,72,,,,0,no_active_table
34484,DP-HYPS06-2,instock,72,,,,0,no_active_table
34700,ZZTEST-A,instock,72,,,,0,no_active_table
34701,ZZTEST-B,instock,72,,,,0,no_active_table
34703,ZZTEST-D,instock,72,,,,0,no_active_table
